Workbook

Sheet Жами тола
A1: ПТМ | B1: Нави | D1: Марка | E1: Кип сони | F1: Брутто | G1: Нетто | H1: той сони | I1: нав | J1: синф | K1: Нетто
A2: Корхона олди | B2: Бухоро 102 | C2: кул терим | D2: 201 | E2: ='201'!B56 -> 220 | F2: ='201'!E56 -> 41411.7 | G2: ='201'!J56 -> 40949.7 | H2: 174 | I2: 1 | J2: яхши | K2: 32346.8
H3: 34 | I3: 1 | J3: ўрта | K3: 6427
H4: 12 | I4: 1 | J4: оддий | K4: 2175.9
A5: Корхона олди | B5: С01 | C5: кул терим | D5: 202 | E5: =+'202'!B56+'202'!M56 -> 220 | F5: =+'202'!E56+'202'!P56 -> 43285.2 | G5: =+'202'!J56+'202'!U56 -> 42813.8 | H5: =Сертификат!B26 -> 183 | I5: 1 | J5: ўрта | K5: =Сертификат!D26 -> 35351
H6: =Сертификат!B27 -> 37 | I6: 1 | J6: оддий | K6: =Сертификат!D27 -> 7462.8
A7: Корхона олди | B7: Бухоро 102 | C7: кул терим | D7: 203 | E7: ='203'!B56 -> 220 | F7: ='203'!E56 -> 42672 | G7: =+'203'!J56 -> 42210 | H7: 158 | I7: 1 | J7: яхши | K7: 30330.3
H8: 62 | I8: 1 | J8: ўрта | K8: 11879.7
A9: Корхона олди | B9: Бухоро 102 | C9: кул терим | D9: 204 | E9: ='204'!B56 -> 220 | F9: ='204'!E56 -> 42176.6 | G9: ='204'!J56 -> 41714.6 | H9: =Сертификат!B58 -> 109 | I9: 1 | J9: яхши | K9: =Сертификат!D58 -> 20515
H10: =Сертификат!B59 -> 111 | I10: 1 | J10: ўрта | K10: =Сертификат!D59 -> 21199.6
A11: Корхона олди | B11: Бухоро 102 | C11: кул терим | D11: 205 | E11: ='205'!B56 -> 220 | F11: ='205'!E56 -> 44500.7 | G11: ='205'!J56 -> 44038.7 | H11: =Сертификат!B74 -> 111 | I11: 1 | J11: ўрта | K11: =Сертификат!D74 -> 21835.3
H12: =Сертификат!B75 -> 109 | I12: 1 | J12: оддий | K12: =Сертификат!D75 -> 22203.4
A13: Корхона олди | B13: Хоразм 127 | C13: кул терим | D13: 206 | E13: ='206'!B56 -> 64 | F13: ='206'!E56 -> 13549.6 | G13: ='206'!J56 -> 13415.2 | H13: =Сертификат!B90 -> 64 | I13: 1 | J13: оддий | K13: =Сертификат!D90 -> 13415.2
A14: Корхона олди | B14: Бухоро 102 | C14: кул терим | D14: 207 | E14: =+'207'!B56+'207'!M56 -> 220 | F14: =+'207'!E56+'207'!P56 -> 44254.1 | G14: =+'207'!J56+'207'!U56 -> 43770.2 | H14: =Сертификат!B105 -> 73 | I14: 1 | J14: ўрта | K14: =Сертификат!D105 -> 14425.3
H15: =Сертификат!B106 -> 147 | I15: 1 | J15: оддий | K15: =Сертификат!D106 -> 29344.9
A16: Корхона олди | B16: С01 | C16: кул терим | D16: 208 | E16: ='208'!B56 -> 87 | F16: ='208'!E56 -> 17071.4 | G16: ='208'!J56 -> 16880 | H16: =Сертификат!B121 -> 61 | I16: 1 | J16: ифлос | K16: =Сертификат!D121 -> 11844.4
H17: 26 | I17: 1 | J17: ўрта | K17: 5035.6
A18: Корхона олди | B18: Бухоро 102 | C18: кул терим | D18: 209 | E18: ='209'!B56 -> 220 | F18: ='209'!E56 -> 44133.1 | G18: ='209'!J56 -> 43649.1 | H18: =Сертификат!B138 -> 101 | I18: 1 | J18: яхши | K18: =Сертификат!D138 -> 20010.7
H19: =Сертификат!B139 -> 119 | I19: 1 | J19: ўрта | K19: =Сертификат!D139 -> 23638.4
A20: Корхона олди | B20: Бухоро 102 | C20: кул терим | D20: 210 | E20: ='210'!B56 -> 220 | F20: ='210'!E56 -> 44218.4 | G20: ='210'!J56 -> 43734.4 | H20: 109 | I20: 1 | J20: яхши | K20: 21598.6
H21: 111 | I21: 1 | J21: ўрта | K21: 22135.8
A22: Корхона олди | B22: Бухоро 102 | C22: кул терим | D22: 211 | E22: ='211'!B56 -> 220 | F22: ='211'!E56 -> 44380.9 | G22: ='211'!J56 -> 43896.9 | H22: 170 | I22: 1 | J22: яхши | K22: 33893.2
H23: 50 | I23: 1 | J23: ўрта | K23: 10003.7
A24: Корхона олди | B24: Бухоро 102 | C24: кул терим | D24: 212 | E24: ='212'!B56 -> 220 | F24: ='212'!E56 -> 43980 | G24: ='212'!J56 -> 43496 | H24: =Сертификат!B189 -> 89 | I24: 1 | J24: яхши | K24: =Сертификат!D189 -> 17555.8
H25: =Сертификат!B190 -> 131 | I25: 1 | J25: ўрта | K25: =Сертификат!D190 -> 25940.2
A26: Корхона олди | B26: Бухоро 102 | C26: кул терим | D26: 213 | E26: ='213'!B56 -> 220 | F26: ='213'!E56 -> 44149.8 | G26: ='213'!J56 -> 43665.8 | H26: =Сертификат!B206 -> 149 | I26: 1 | J26: яхши | K26: =Сертификат!D206 -> 29579
H27: =Сертификат!B207 -> 71 | I27: 1 | J27: ўрта | K27: =Сертификат!D207 -> 14086.8
A28: Корхона олди | B28: Бухоро 102 | C28: кул терим | D28: 214 | E28: ='214'!B56 -> 220 | F28: ='214'!E56 -> 44111 | G28: ='214'!J56 -> 43627 | H28: =Сертификат!B222 -> 114 | I28: 1 | J28: яхши | K28: =Сертификат!D222 -> 22560.1
H29: =Сертификат!B223 -> 106 | I29: 1 | J29: ўрта | K29: =Сертификат!D223 -> 21066.9
A30: Корхона олди | B30: Бухоро 102 | C30: кул терим | D30: 215 | E30: ='215'!B56 -> 220 | F30: ='215'!E56 -> 44536.6 | G30: ='215'!J56 -> 44052.6 | H30: =Сертификат!B238 -> 156 | I30: 1 | J30: яхши | K30: =Сертификат!D238 -> 31288.6
H31: =Сертификат!B239 -> 64 | I31: 1 | J31: ўрта | K31: =Сертификат!D239 -> 12764
A32: Корхона олди | B32: Бухоро 102 | C32: кул терим | D32: 216 | E32: ='216'!B56 -> 220 | F32: ='216'!E56 -> 44387.3 | G32: ='216'!J56 -> 43903.3 | H32: =Сертификат!B255 -> 36 | I32: 1 | J32: яхши | K32: =Сертификат!D255 -> 7094.2
H33: =Сертификат!B256 -> 129 | I33: 1 | J33: ўрта | K33: =Сертификат!D256 -> 25795.4
H34: =Сертификат!B257 -> 55 | I34: 1 | J34: оддий | K34: =Сертификат!D257 -> 11013.7
A35: Корхона олди | B35: Бухоро 102 | C35: кул терим | D35: 217 | E35: ='217'!B56 -> 220 | F35: ='217'!E56 -> 44811.8 | G35: ='217'!J56 -> 44327.8 | H35: =Сертификат!B273 -> 119 | I35: 1 | J35: яхши | K35: =Сертификат!D273 -> 23749.2
H36: =Сертификат!B274 -> 101 | I36: 1 | J36: ўрта | K36: =Сертификат!D274 -> 20578.6
A37: Корхона олди | B37: Бухоро 102 | C37: кул терим | D37: 218 | E37: ='218'!B56 -> 220 | F37: ='218'!E56 -> 44086.7 | G37: ='218'!J56 -> 43602.7 | H37: =Сертификат!B289 -> 85 | I37: 1 | J37: яхши | K37: =Сертификат!D289 -> 16841.6
H38: =Сертификат!B290 -> 135 | I38: 1 | J38: ўрта | K38: =Сертификат!D290 -> 26761.1
A39: Корхона олди | B39: Бухоро 102 | C39: кул терим | D39: 219 | E39: ='219'!B56 -> 220 | F39: ='219'!E56 -> 44080 | G39: ='219'!J56 -> 43596 | H39: =Сертификат!B307 -> 60 | I39: 1 | J39: яхши | K39: =Сертификат!D307 -> 11676
H40: =Сертификат!B308 -> 160 | I40: 1 | J40: ўрта | K40: =Сертификат!D308 -> 31920
A41: Корхона олди | B41: Бухоро 102 | C41: кул терим | D41: 220 | E41: ='220'!B56 -> 220 | F41: ='220'!E56 -> 44883.7 | G41: ='220'!J56 -> 44399.7 | H41: =Сертификат!B324 -> 220 | I41: 1 | J41: ўрта | K41: =Сертификат!D324 -> 44399.7
A42: Корхона олди | B42: Элиза | C42: кул терим | D42: 221 | E42: ='221'!B56 -> 171 | F42: ='221'!E56 -> 33695.8 | G42: ='221'!J56 -> 33319.6 | H42: =Сертификат!B340 -> 171 | I42: 1 | J42: яхши | K42: =Сертификат!D340 -> 33319.6
A43: Корхона олди | B43: Бухоро 102 | C43: кул терим | D43: 222 | E43: ='222'!B56 -> 220 | F43: ='222'!E56 -> 44312.8 | G43: ='222'!J56 -> 43828.8 | H43: =Сертификат!B357 -> 139 | I43: 1 | J43: яхши | K43: =Сертификат!D357 -> 27651.5
H44: =Сертификат!B358 -> 81 | I44: 1 | J44: ўрта | K44: =Сертификат!D358 -> 16177.3
A45: Корхона олди | B45: Бухоро 102 | C45: кул терим | D45: 223 | E45: ='223'!B56 -> 220 | F45: ='223'!E56 -> 44417.6 | G45: ='223'!J56 -> 43933.6 | H45: =Сертификат!B373 -> 104 | I45: 1 | J45: яхши | K45: =Сертификат!D373 -> 20827
H46: =Сертификат!B374 -> 116 | I46: 1 | J46: ўрта | K46: =Сертификат!D374 -> 23106.6
A47: Корхона олди | B47: Бухоро 102 | C47: кул терим | D47: 224 | E47: ='224'!B56 -> 220 | F47: ='224'!E56 -> 43431.8 | G47: ='224'!J56 -> 42947.8 | H47: =Сертификат!B389 -> 220 | I47: 1 | J47: ўрта | K47: =Сертификат!D389 -> 42947.8
A48: Корхона олди | B48: Бухоро 102 | C48: кул терим | D48: 225 | E48: ='225'!B56 -> 220 | F48: ='225'!E56 -> 43555.5 | G48: ='225'!J56 -> 43071.5 | H48: =Сертификат!B405 -> 129 | I48: 1 | J48: яхши | K48: =Сертификат!D405 -> 25503.6
H49: =Сертификат!B406 -> 91 | I49: 1 | J49: ўрта | K49: =Сертификат!D406 -> 17567.9
A50: Корхона олди | B50: Бухоро 102 | C50: кул терим | D50: 226 | E50: ='226'!B56 -> 220 | F50: ='226'!E56 -> 43104.6 | G50: ='226'!J56 -> 42620.6 | H50: =Сертификат!B421 -> 101 | I50: 1 | J50: яхши | K50: =Сертификат!D421 -> 19548
H51: =Сертификат!B422 -> 119 | I51: 1 | J51: ўрта | K51: =Сертификат!D422 -> 23072.6
A52: Корхона олди | B52: Бухоро 102 | C52: кул терим | D52: 227 | E52: ='227'!B56 -> 220 | F52: ='227'!E56 -> 43087.2 | G52: ='227'!J56 -> 42603.2 | H52: =Сертификат!B437 -> 220 | I52: 1 | J52: ўрта | K52: =Сертификат!D437 -> 42603.2
A53: Корхона олди | B53: Бухоро 102 | C53: кул терим | D53: 228 | E53: ='228'!B56 -> 220 | F53: ='228'!E56 -> 44018.4 | G53: ='228'!J56 -> 43534.4 | H53: =Сертификат!B452 -> 79 | I53: 1 | J53: яхши | K53: =Сертификат!D452 -> 15534.2
H54: =Сертификат!B453 -> 141 | I54: 1 | J54: ўрта | K54: =Сертификат!D453 -> 28000.2
A55: Корхона олди | B55: Бухоро 102 | C55: кул терим | D55: 229 | E55: ='229'!B56 -> 220 | F55: ='229'!E56 -> 45461.2 | G55: ='229'!J56 -> 44977.2 | H55: =Сертификат!B468 -> 55 | I55: 1 | J55: яхши | K55: =Сертификат!D468 -> 11147.5
H56: =Сертификат!B469 -> 99 | I56: 1 | J56: ўрта | K56: =Сертификат!D469 -> 20293.6
H57: =Сертификат!B470 -> 66 | I57: 1 | J57: оддий | K57: =Сертификат!D470 -> 13536.1
A58: Корхона олди | B58: Бухоро 102 | C58: кул терим | D58: 230 | E58: ='230'!B56 -> 220 | F58: ='230'!E56 -> 44837.4 | G58: ='230'!J56 -> 44353.4 | H58: =Сертификат!B485 -> 90 | I58: 1 | J58: яхши | K58: =Сертификат!D485 -> 18231
H59: =Сертификат!B486 -> 120 | I59: 1 | J59: ўрта | K59: =Сертификат!D486 -> 24029
H60: =Сертификат!B487 -> 10 | I60: 1 | J60: оддий | K60: =Сертификат!D487 -> 2093.4
A61: Корхона олди | B61: Бухоро 102 | C61: кул терим | D61: 231 | E61: ='231'!B56 -> 220 | F61: ='231'!E56 -> 43862.63 | G61: ='231'!J56 -> 43378.63 | H61: =Сертификат!B503 -> 220 | I61: 1 | J61: ўрта | K61: =Сертификат!D503 -> 43378.63
A62: Корхона олди | B62: Бухоро 102 | C62: кул терим | D62: 232 | E62: ='232'!B56 -> 220 | F62: ='232'!E56 -> 44642.6 | G62: ='232'!J56 -> 44158.6 | H62: =Сертификат!B519 -> 121 | I62: 1 | J62: яхши | K62: =Сертификат!D519 -> 24311.1
H63: =Сертификат!B520 -> 99 | I63: 1 | J63: ўрта | K63: =Сертификат!D520 -> 19847.5
A64: Корхона олди | B64: Бухоро 102 | C64: кул терим | D64: 233 | E64: ='233'!B56 -> 220 | F64: ='233'!E56 -> 45052.5 | G64: ='233'!J56 -> 44568.5 | H64: =Сертификат!B535 -> 130 | I64: 1 | J64: яхши | K64: =Сертификат!D535 -> 26420
H65: =Сертификат!B536 -> 90 | I65: 1 | J65: ўрта | K65: =Сертификат!D536 -> 18148.5
A66: Корхона олди | B66: Бухоро 102 | C66: кул терим | D66: 234 | E66: ='234'!B56 -> 220 | F66: ='234'!E56 -> 44399.61 | G66: ='234'!J56 -> 43915.61
A67: Корхона олди | B67: Бухоро 102 | C67: кул терим | D67: 235 | E67: ='235'!B56 -> 153 | F67: ='235'!E56 -> 30815.3 | G67: ='235'!J56 -> 30478.7
D68: 236 | E68: ='236'!B56 -> 0 | F68: ='236'!E56 -> 0 | G68: ='236'!J56 -> 0
D69: 237 | E69: ='237'!B56 -> 0 | F69: ='237'!E56 -> 0 | G69: ='237'!J56 -> 0
D70: 238 | E70: ='238'!B56 -> 0 | F70: ='238'!E56 -> 0 | G70: ='238'!J56 -> 0
D71: 239 | E71: ='239'!B56 -> 0 | F71: ='239'!E56 -> 0 | G71: ='239'!J56 -> 0
D72: 240 | E72: ='240'!B56 -> 0 | F72: ='240'!E56 -> 0 | G72: ='240'!J56 -> 0
E151: =SUM(E2:E150) -> 7295 | F151: =SUM(F2:F150) -> 1459375.5 | G151: =SUM(G2:G150) -> 1443433.6 | H151: =SUM(H2:H150) -> 6922 | K151: =SUM(K2:K150) -> 1369039.3
H154: =E151-H151 -> 373 | K154: =G151-K151 -> 74394.31

Sheet Сертификат
A1: СИФАТ СЕРТИФИКАТИ
A3: Лаборатория: "Navbahor Tekstil" МЧЖ га қарашли пахта заводи.
A4: Махсулот номи: Пахта толаси.
A6: Марка: № 201
A7: Завод | B7: Той сони | C7: Брутто (кг) | D7: Нетто (кг) | E7: Тахлил натижалари | K7: Ифлослик | L7: Намлик
E8: Тип | F8: Нав | G8: Синф | H8: Пишиб етилганлик коэффициенти | I8: Штапел узунлиги коди | J8: Микронейр
A9: 211 | B9: ='201'!X56 -> 174 | C9: ='201'!AA56 -> 32712.2 | D9: ='201'!AF56 -> 32346.8 | E9: 4 | F9: 1 | G9: яхши | H9: 1.8 | I9: 36 | J9: 4.5 | K9: 2.5 | L9: 5
A10: 211 | B10: ='201'!AI56 -> 34 | C10: ='201'!AL56 -> 6498.4 | D10: ='201'!AQ56 -> 6427 | E10: 4 | F10: 1 | G10: ўрта | H10: 1.8 | I10: 36 | J10: 4.5 | K10: 3 | L10: 5
A11: 211 | B11: ='201'!M56 -> 12 | C11: ='201'!P56 -> 2201.1 | D11: ='201'!U56 -> 2175.9 | E11: 4 | F11: 1 | G11: оддий | H11: 1.8 | I11: 36 | J11: 4.5 | K11: 4 | L11: 5
A12: Всего: | B12: =SUM(B9:B11) -> 220 | C12: =SUM(C9:C11) -> 41411.7 | D12: =SUM(D9:D11) -> 40949.7
A14: "Navbahor Tekstil" МЧЖ
A15: хлопзавод при ООО "Navbahor Tekstil" | B15: лаборатория мудири : | G15: ____________ | I15: С.С.Мухаммадиев
A18: СИФАТ СЕРТИФИКАТИ
A20: Лаборатория: "Navbahor Tekstil" МЧЖ га қарашли пахта заводи.
A21: Махсулот номи: Пахта толаси.
A23: Марка: № 202
A24: Завод | B24: Той сони | C24: Брутто (кг) | D24: Нетто (кг) | E24: Тахлил натижалари | K24: Ифлослик | L24: Намлик
E25: Тип | F25: Нав | G25: Синф | H25: Пишиб етилганлик коэффициенти | I25: Штапел узунлиги коди | J25: Микронейр
A26: 211 | B26: ='202'!X56+'202'!AI56 -> 183 | C26: ='202'!AA56+'202'!AL56 -> 35741 | D26: ='202'!AF56+'202'!AQ56 -> 35351 | E26: 4 | F26: 1 | G26: урта | H26: 1.8 | I26: 37 | J26: 4.5 | K26: 3 | L26: 5
A27: 211 | B27: ='202'!AT56 -> 37 | C27: ='202'!AW56 -> 7544.2 | D27: ='202'!BB56 -> 7462.8 | E27: 4 | F27: 1 | G27: оддий | H27: 1.8 | I27: 37 | J27: 4.5 | K27: 4 | L27: 5
A28: Всего: | B28: =SUM(B26:B27) -> 220 | C28: =SUM(C26:C27) -> 43285.2 | D28: =SUM(D26:D27) -> 42813.8
A30: "Navbahor Tekstil" МЧЖ
A31: хлопзавод при ООО "Navbahor Tekstil" | B31: лаборатория мудири : | G31: ____________ | I31: С.С.Мухаммадиев
A34: СИФАТ СЕРТИФИКАТИ
A36: Лаборатория: "Navbahor Tekstil" МЧЖ га қарашли пахта заводи.
A37: Махсулот номи: Пахта толаси.
A39: Марка: № 203
A40: Завод | B40: Той сони | C40: Брутто (кг) | D40: Нетто (кг) | E40: Тахлил натижалари | K40: Ифлослик | L40: Намлик
E41: Тип | F41: Нав | G41: Синф | H41: Пишиб етилганлик коэффициенти | I41: Штапел узунлиги коди | J41: Микронейр
A42: 211 | B42: ='203'!M56 -> 158 | C42: ='203'!P56 -> 30662.1 | D42: ='203'!U56 -> 30330.3 | E42: 4 | F42: 1 | G42: яхши | H42: 1.8 | I42: 36 | J42: 4.5 | K42: 2.5 | L42: 5
A43: 211 | B43: ='203'!X56 -> 62 | C43: ='203'!AA56 -> 12009.9 | D43: ='203'!AF56 -> 11879.7 | E43: 4 | F43: 1 | G43: ўрта | H43: 1.8 | I43: 36 | J43: 4.5 | K43: 3 | L43: 5
A44: Всего: | B44: =SUM(B42:B43) -> 220 | C44: =SUM(C42:C43) -> 42672 | D44: =SUM(D42:D43) -> 42210
A46: "Navbahor Tekstil" МЧЖ
A47: хлопзавод при ООО "Navbahor Tekstil" | B47: лаборатория мудири : | G47: ____________ | I47: С.С.Мухаммадиев
A50: СИФАТ СЕРТИФИКАТИ
A52: Лаборатория: "Navbahor Tekstil" МЧЖ га қарашли пахта заводи.
A53: Махсулот номи: Пахта толаси.
A55: Марка: № 204
A56: Завод | B56: Той сони | C56: Брутто (кг) | D56: Нетто (кг) | E56: Тахлил натижалари | K56: Ифлослик | L56: Намлик
E57: Тип | F57: Нав | G57: Синф | H57: Пишиб етилганлик коэффициенти | I57: Штапел узунлиги коди | J57: Микронейр
A58: 211 | B58: ='204'!M56 -> 109 | C58: ='204'!P56 -> 20743.9 | D58: ='204'!U56 -> 20515 | E58: 4 | F58: 1 | G58: яхши | H58: 1.8 | I58: 36 | J58: 4.5 | K58: 2.5 | L58: 5
A59: 211 | B59: ='204'!X56 -> 111 | C59: ='204'!AA56 -> 21432.7 | D59: ='204'!AF56 -> 21199.6 | E59: 4 | F59: 1 | G59: ўрта | H59: 1.8 | I59: 36 | J59: 4.5 | K59: 3 | L59: 5
A60: Всего: | B60: =SUM(B58:B59) -> 220 | C60: =SUM(C58:C59) -> 42176.6 | D60: =SUM(D58:D59) -> 41714.6
A62: "Navbahor Tekstil" МЧЖ
A63: хлопзавод при ООО "Navbahor Tekstil" | B63: лаборатория мудири : | G63: ____________ | I63: С.С.Мухаммадиев
A66: СИФАТ СЕРТИФИКАТИ
A68: Лаборатория: "Navbahor Tekstil" МЧЖ га қарашли пахта заводи.
A69: Махсулот номи: Пахта толаси.
A71: Марка: № 205
A72: Завод | B72: Той сони | C72: Брутто (кг) | D72: Нетто (кг) | E72: Тахлил натижалари | K72: Ифлослик | L72: Намлик
E73: Тип | F73: Нав | G73: Синф | H73: Пишиб етилганлик коэффициенти | I73: Штапел узунлиги коди | J73: Микронейр
A74: 211 | B74: ='205'!M56 -> 111 | C74: ='205'!P56 -> 22068.4 | D74: ='205'!U56 -> 21835.3 | E74: 4 | F74: 1 | G74: ўрта | H74: 1.8 | I74: 37 | J74: 4.5 | K74: 2.5 | L74: 5
A75: 211 | B75: ='205'!X56 -> 109 | C75: ='205'!AA56 -> 22432.3 | D75: ='205'!AF56 -> 22203.4 | E75: 4 | F75: 1 | G75: оддий | H75: 1.8 | I75: 37 | J75: 4.5 | K75: 3 | L75: 5
A76: Всего: | B76: =SUM(B74:B75) -> 220 | C76: =SUM(C74:C75) -> 44500.7 | D76: =SUM(D74:D75) -> 44038.7
A78: "Navbahor Tekstil" МЧЖ
A79: хлопзавод при ООО "Navbahor Tekstil" | B79: лаборатория мудири : | G79: ____________ | I79: С.С.Мухаммадиев
A82: СИФАТ СЕРТИФИКАТИ
A84: Лаборатория: "Navbahor Tekstil" МЧЖ га қарашли пахта заводи.
A85: Махсулот номи: Пахта толаси.
A87: Марка: № 206
A88: Завод | B88: Той сони | C88: Брутто (кг) | D88: Нетто (кг) | E88: Тахлил натижалари | K88: Ифлослик | L88: Намлик
E89: Тип | F89: Нав | G89: Синф | H89: Пишиб етилганлик коэффициенти | I89: Штапел узунлиги коди | J89: Микронейр
A90: 211 | B90: ='206'!M56 -> 64 | C90: ='206'!P56 -> 13549.6 | D90: ='206'!U56 -> 13415.2 | E90: 4 | F90: 1 | G90: оддий | H90: 1.8 | I90: 36 | J90: 4.5 | K90: 4 | L90: 5
A91: Всего: | B91: =SUM(B90:B90) -> 64 | C91: =SUM(C90:C90) -> 13549.6 | D91: =SUM(D90:D90) -> 13415.2
A93: "Navbahor Tekstil" МЧЖ
A94: хлопзавод при ООО "Navbahor Tekstil" | B94: лаборатория мудири : | G94: ____________ | I94: С.С.Мухаммадиев
A97: СИФАТ СЕРТИФИКАТИ
A99: Лаборатория: "Navbahor Tekstil" МЧЖ га қарашли пахта заводи.
A100: Махсулот номи: Пахта толаси.
A102: Марка: № 207
A103: Завод | B103: Той сони | C103: Брутто (кг) | D103: Нетто (кг) | E103: Тахлил натижалари | K103: Ифлослик | L103: Намлик
E104: Тип | F104: Нав | G104: Синф | H104: Пишиб етилганлик коэффициенти | I104: Штапел узунлиги коди | J104: Микронейр
A105: 211 | B105: ='207'!AT56 -> 73 | C105: ='207'!AW56 -> 14585.9 | D105: ='207'!BB56 -> 14425.3 | E105: 4 | F105: 1 | G105: урта | H105: 1.8 | I105: 37 | J105: 4.5 | K105: 3 | L105: 5
A106: 211 | B106: ='207'!X56+'207'!AI56 -> 147 | C106: ='207'!AA56+'207'!AL56 -> 29668.2 | D106: ='207'!AF56+'207'!AQ56 -> 29344.9 | E106: 4 | F106: 1 | G106: оддий | H106: 1.8 | I106: 37 | J106: 4.5 | K106: 4 | L106: 5
A107: Всего: | B107: =SUM(B105:B106) -> 220 | C107: =SUM(C105:C106) -> 44254.1 | D107: =SUM(D105:D106) -> 43770.2
A109: "Navbahor Tekstil" МЧЖ
A110: хлопзавод при ООО "Navbahor Tekstil" | B110: лаборатория мудири : | G110: ____________ | I110: С.С.Мухаммадиев
A113: СИФАТ СЕРТИФИКАТИ
A115: Лаборатория: "Navbahor Tekstil" МЧЖ га қарашли пахта заводи.
A116: Махсулот номи: Пахта толаси.
A118: Марка: № 208
A119: Завод | B119: Той сони | C119: Брутто (кг) | D119: Нетто (кг) | E119: Тахлил натижалари | K119: Ифлослик | L119: Намлик
E120: Тип | F120: Нав | G120: Синф | H120: Пишиб етилганлик коэффициенти | I120: Штапел узунлиги коди | J120: Микронейр
A121: 211 | B121: ='208'!M56 -> 61 | C121: ='208'!P56 -> 11978.6 | D121: ='208'!U56 -> 11844.4 | E121: 4 | F121: 1 | G121: ифлос | H121: 1.8 | I121: 36 | J121: 4.5 | K121: 5.5 | L121: 5
A122: 211 | B122: ='208'!X56 -> 26 | C122: ='208'!AA56 -> 5092.8 | D122: ='208'!AF56 -> 5035.6 | E122: 4 | F122: 1 | G122: утра | H122: 1.8 | I122: 36 | J122: 4.5 | K122: 3 | L122: 5
A123: Всего: | B123: =SUM(B121:B122) -> 87 | C123: =SUM(C121:C122) -> 17071.4 | D123: =SUM(D121:D122) -> 16880
A125: "Navbahor Tekstil" МЧЖ
A126: хлопзавод при ООО "Navbahor Tekstil" | B126: лаборатория мудири : | G126: ____________ | I126: С.С.Мухаммадиев
A130: СИФАТ СЕРТИФИКАТИ
A132: Лаборатория: "Navbahor Tekstil" МЧЖ га қарашли пахта заводи.
A133: Махсулот номи: Пахта толаси.
A135: Марка: № 209
A136: Завод | B136: Той сони | C136: Брутто (кг) | D136: Нетто (кг) | E136: Тахлил натижалари | K136: Ифлослик | L136: Намлик
E137: Тип | F137: Нав | G137: Синф | H137: Пишиб етилганлик коэффициенти | I137: Штапел узунлиги коди | J137: Микронейр
A138: 211 | B138: ='209'!M56 -> 101 | C138: ='209'!P56 -> 20232.9 | D138: ='209'!U56 -> 20010.7 | E138: 4 | F138: 1 | G138: яхши | H138: 1.8 | I138: 36 | J138: 4.5 | K138: 2.5 | L138: 5
A139: 211 | B139: ='209'!X56 -> 119 | C139: ='209'!AA56 -> 23900.2 | D139: ='209'!AF56 -> 23638.4 | E139: 4 | F139: 1 | G139: ўрта | H139: 1.8 | I139: 36 | J139: 4.5 | K139: 3 | L139: 5
A140: Всего: | B140: =SUM(B138:B139) -> 220 | C140: =SUM(C138:C139) -> 44133.1 | D140: =SUM(D138:D139) -> 43649.1
A142: "Navbahor Tekstil" МЧЖ
A143: хлопзавод при ООО "Navbahor Tekstil" | B143: лаборатория мудири : | G143: ____________ | I143: С.С.Мухаммадиев
A147: СИФАТ СЕРТИФИКАТИ
...

Sheet 240
A1: Акт покипного отвеса
A2: Лаборатория: хлопзавод при ООО "Navbahor Tekstil"
A3: Марка № | I3: Корхона олди
I4: Жами
A5: № | B5: Масса | C5: № | D5: Масса | E5: № | F5: Масса | G5: № | H5: Масса | I5: № | J5: Масса
A6: 1 | C6: 50 | E6: 99 | G6: 148 | I6: 197
A7: 2 | C7: 51 | E7: 100 | G7: 149 | I7: 198
A8: 3 | C8: 52 | E8: =+E7+1 -> 101 | G8: 150 | I8: 199
A9: 4 | C9: 53 | E9: =+E8+1 -> 102 | G9: 151 | I9: 200
A10: 5 | C10: 54 | E10: =+E9+1 -> 103 | G10: 152 | I10: 201
A11: 6 | C11: 55 | E11: =+E10+1 -> 104 | G11: 153 | I11: 202
A12: 7 | C12: 56 | E12: =+E11+1 -> 105 | G12: 154 | I12: 203
A13: 8 | C13: 57 | E13: =+E12+1 -> 106 | G13: 155 | I13: 204
A14: 9 | C14: 58 | E14: =+E13+1 -> 107 | G14: 156 | I14: 205
A15: 10 | C15: 59 | E15: =+E14+1 -> 108 | G15: 157 | I15: 206
A16: 11 | C16: 60 | E16: =+E15+1 -> 109 | G16: 158 | I16: 207
A17: 12 | C17: 61 | E17: =+E16+1 -> 110 | G17: 159 | I17: 208
A18: 13 | C18: 62 | E18: =+E17+1 -> 111 | G18: 160 | I18: 209
A19: 14 | C19: 63 | E19: =+E18+1 -> 112 | G19: 161 | I19: 210
... A29: 24 | C29: 73 | E29: =+E28+1 -> 122 | G29: 171 | I29: 220
A30: 25 | C30: 74 | E30: =+E29+1 -> 123 | G30: 172
A31: 26 | C31: 75 | E31: =+E30+1 -> 124 | G31: 173
A32: 27 | C32: 76 | E32: =+E31+1 -> 125 | G32: 174
A33: 28 | C33: 77 | E33: =+E32+1 -> 126 | G33: 175
A34: 29 | C34: 78 | E34: =+E33+1 -> 127 | G34: 176
A35: 30 | C35: 79 | E35: =+E34+1 -> 128 | G35: 177
A36: 31 | C36: 80 | E36: =+E35+1 -> 129 | G36: 178
A37: 32 | C37: 81 | E37: =+E36+1 -> 130 | G37: 179
A38: 33 | C38: 82 | E38: =+E37+1 -> 131 | G38: 180
A39: 34 | C39: 83 | E39: =+E38+1 -> 132 | G39: 181
A40: 35 | C40: 84 | E40: =+E39+1 -> 133 | G40: 182
A41: 36 | C41: 85 | E41: =+E40+1 -> 134 | G41: 183
... A54: 49 | C54: 98 | E54: =+E53+1 -> 147 | G54: 196
B55: =SUM(B6:B54) -> 0 | D55: =SUM(D6:D54) -> 0 | F55: =SUM(F6:F54) -> 0 | H55: =SUM(H6:H54) -> 0 | J55: =SUM(J6:J54) -> 0
A56: Итого кип | B56: =COUNT(B6:B54,D6:D54,F6:F54,H6:H54,J6:J54) -> 0 | C56: Масса брутто | E56: =B55+D55+F55+H55+J55 -> 0 | F56: Тары | G56: =B56*2.2 -> 0 | H56: Масса нетто | J56: =E56-G56 -> 0
A57: Лаборант:
F59: Тара | G59: 2.2

Sheet 239
A1: Акт покипного отвеса
A2: Лаборатория: хлопзавод при ООО "Navbahor Tekstil"
A3: Марка № | I3: Корхона олди
I4: Жами
A5: № | B5: Масса | C5: № | D5: Масса | E5: № | F5: Масса | G5: № | H5: Масса | I5: № | J5: Масса
A6: 1 | C6: 50 | E6: 99 | G6: 148 | I6: 197
A7: 2 | C7: 51 | E7: 100 | G7: 149 | I7: 198
A8: 3 | C8: 52 | E8: =+E7+1 -> 101 | G8: 150 | I8: 199
A9: 4 | C9: 53 | E9: =+E8+1 -> 102 | G9: 151 | I9: 200
A10: 5 | C10: 54 | E10: =+E9+1 -> 103 | G10: 152 | I10: 201
A11: 6 | C11: 55 | E11: =+E10+1 -> 104 | G11: 153 | I11: 202
A12: 7 | C12: 56 | E12: =+E11+1 -> 105 | G12: 154 | I12: 203
A13: 8 | C13: 57 | E13: =+E12+1 -> 106 | G13: 155 | I13: 204
A14: 9 | C14: 58 | E14: =+E13+1 -> 107 | G14: 156 | I14: 205
A15: 10 | C15: 59 | E15: =+E14+1 -> 108 | G15: 157 | I15: 206
A16: 11 | C16: 60 | E16: =+E15+1 -> 109 | G16: 158 | I16: 207
A17: 12 | C17: 61 | E17: =+E16+1 -> 110 | G17: 159 | I17: 208
A18: 13 | C18: 62 | E18: =+E17+1 -> 111 | G18: 160 | I18: 209
A19: 14 | C19: 63 | E19: =+E18+1 -> 112 | G19: 161 | I19: 210
... A29: 24 | C29: 73 | E29: =+E28+1 -> 122 | G29: 171 | I29: 220
A30: 25 | C30: 74 | E30: =+E29+1 -> 123 | G30: 172
A31: 26 | C31: 75 | E31: =+E30+1 -> 124 | G31: 173
A32: 27 | C32: 76 | E32: =+E31+1 -> 125 | G32: 174
A33: 28 | C33: 77 | E33: =+E32+1 -> 126 | G33: 175
A34: 29 | C34: 78 | E34: =+E33+1 -> 127 | G34: 176
A35: 30 | C35: 79 | E35: =+E34+1 -> 128 | G35: 177
A36: 31 | C36: 80 | E36: =+E35+1 -> 129 | G36: 178
A37: 32 | C37: 81 | E37: =+E36+1 -> 130 | G37: 179
A38: 33 | C38: 82 | E38: =+E37+1 -> 131 | G38: 180
A39: 34 | C39: 83 | E39: =+E38+1 -> 132 | G39: 181
A40: 35 | C40: 84 | E40: =+E39+1 -> 133 | G40: 182
A41: 36 | C41: 85 | E41: =+E40+1 -> 134 | G41: 183
... A54: 49 | C54: 98 | E54: =+E53+1 -> 147 | G54: 196
B55: =SUM(B6:B54) -> 0 | D55: =SUM(D6:D54) -> 0 | F55: =SUM(F6:F54) -> 0 | H55: =SUM(H6:H54) -> 0 | J55: =SUM(J6:J54) -> 0
A56: Итого кип | B56: =COUNT(B6:B54,D6:D54,F6:F54,H6:H54,J6:J54) -> 0 | C56: Масса брутто | E56: =B55+D55+F55+H55+J55 -> 0 | F56: Тары | G56: =B56*2.2 -> 0 | H56: Масса нетто | J56: =E56-G56 -> 0
A57: Лаборант:
F59: Тара | G59: 2.2

Sheet 238
A1: Акт покипного отвеса
A2: Лаборатория: хлопзавод при ООО "Navbahor Tekstil"
A3: Марка № | I3: Корхона олди
I4: Жами
A5: № | B5: Масса | C5: № | D5: Масса | E5: № | F5: Масса | G5: № | H5: Масса | I5: № | J5: Масса
A6: 1 | C6: 50 | E6: 99 | G6: 148 | I6: 197
A7: 2 | C7: 51 | E7: 100 | G7: 149 | I7: 198
A8: 3 | C8: 52 | E8: =+E7+1 -> 101 | G8: 150 | I8: 199
A9: 4 | C9: 53 | E9: =+E8+1 -> 102 | G9: 151 | I9: 200
A10: 5 | C10: 54 | E10: =+E9+1 -> 103 | G10: 152 | I10: 201
A11: 6 | C11: 55 | E11: =+E10+1 -> 104 | G11: 153 | I11: 202
A12: 7 | C12: 56 | E12: =+E11+1 -> 105 | G12: 154 | I12: 203
A13: 8 | C13: 57 | E13: =+E12+1 -> 106 | G13: 155 | I13: 204
A14: 9 | C14: 58 | E14: =+E13+1 -> 107 | G14: 156 | I14: 205
A15: 10 | C15: 59 | E15: =+E14+1 -> 108 | G15: 157 | I15: 206
A16: 11 | C16: 60 | E16: =+E15+1 -> 109 | G16: 158 | I16: 207
A17: 12 | C17: 61 | E17: =+E16+1 -> 110 | G17: 159 | I17: 208
A18: 13 | C18: 62 | E18: =+E17+1 -> 111 | G18: 160 | I18: 209
A19: 14 | C19: 63 | E19: =+E18+1 -> 112 | G19: 161 | I19: 210
... A29: 24 | C29: 73 | E29: =+E28+1 -> 122 | G29: 171 | I29: 220
A30: 25 | C30: 74 | E30: =+E29+1 -> 123 | G30: 172
A31: 26 | C31: 75 | E31: =+E30+1 -> 124 | G31: 173
A32: 27 | C32: 76 | E32: =+E31+1 -> 125 | G32: 174
A33: 28 | C33: 77 | E33: =+E32+1 -> 126 | G33: 175
A34: 29 | C34: 78 | E34: =+E33+1 -> 127 | G34: 176
A35: 30 | C35: 79 | E35: =+E34+1 -> 128 | G35: 177
A36: 31 | C36: 80 | E36: =+E35+1 -> 129 | G36: 178
A37: 32 | C37: 81 | E37: =+E36+1 -> 130 | G37: 179
A38: 33 | C38: 82 | E38: =+E37+1 -> 131 | G38: 180
A39: 34 | C39: 83 | E39: =+E38+1 -> 132 | G39: 181
A40: 35 | C40: 84 | E40: =+E39+1 -> 133 | G40: 182
A41: 36 | C41: 85 | E41: =+E40+1 -> 134 | G41: 183
... A54: 49 | C54: 98 | E54: =+E53+1 -> 147 | G54: 196
B55: =SUM(B6:B54) -> 0 | D55: =SUM(D6:D54) -> 0 | F55: =SUM(F6:F54) -> 0 | H55: =SUM(H6:H54) -> 0 | J55: =SUM(J6:J54) -> 0
A56: Итого кип | B56: =COUNT(B6:B54,D6:D54,F6:F54,H6:H54,J6:J54) -> 0 | C56: Масса брутто | E56: =B55+D55+F55+H55+J55 -> 0 | F56: Тары | G56: =B56*2.2 -> 0 | H56: Масса нетто | J56: =E56-G56 -> 0
A57: Лаборант:
F59: Тара | G59: 2.2

Sheet 237
A1: Акт покипного отвеса
A2: Лаборатория: хлопзавод при ООО "Navbahor Tekstil"
A3: Марка № | I3: Корхона олди
I4: Жами
A5: № | B5: Масса | C5: № | D5: Масса | E5: № | F5: Масса | G5: № | H5: Масса | I5: № | J5: Масса
A6: 1 | C6: 50 | E6: 99 | G6: 148 | I6: 197
A7: 2 | C7: 51 | E7: 100 | G7: 149 | I7: 198
A8: 3 | C8: 52 | E8: =+E7+1 -> 101 | G8: 150 | I8: 199
A9: 4 | C9: 53 | E9: =+E8+1 -> 102 | G9: 151 | I9: 200
A10: 5 | C10: 54 | E10: =+E9+1 -> 103 | G10: 152 | I10: 201
A11: 6 | C11: 55 | E11: =+E10+1 -> 104 | G11: 153 | I11: 202
A12: 7 | C12: 56 | E12: =+E11+1 -> 105 | G12: 154 | I12: 203
A13: 8 | C13: 57 | E13: =+E12+1 -> 106 | G13: 155 | I13: 204
A14: 9 | C14: 58 | E14: =+E13+1 -> 107 | G14: 156 | I14: 205
A15: 10 | C15: 59 | E15: =+E14+1 -> 108 | G15: 157 | I15: 206
A16: 11 | C16: 60 | E16: =+E15+1 -> 109 | G16: 158 | I16: 207
A17: 12 | C17: 61 | E17: =+E16+1 -> 110 | G17: 159 | I17: 208
A18: 13 | C18: 62 | E18: =+E17+1 -> 111 | G18: 160 | I18: 209
A19: 14 | C19: 63 | E19: =+E18+1 -> 112 | G19: 161 | I19: 210
... A29: 24 | C29: 73 | E29: =+E28+1 -> 122 | G29: 171 | I29: 220
A30: 25 | C30: 74 | E30: =+E29+1 -> 123 | G30: 172
A31: 26 | C31: 75 | E31: =+E30+1 -> 124 | G31: 173
A32: 27 | C32: 76 | E32: =+E31+1 -> 125 | G32: 174
A33: 28 | C33: 77 | E33: =+E32+1 -> 126 | G33: 175
A34: 29 | C34: 78 | E34: =+E33+1 -> 127 | G34: 176
A35: 30 | C35: 79 | E35: =+E34+1 -> 128 | G35: 177
A36: 31 | C36: 80 | E36: =+E35+1 -> 129 | G36: 178
A37: 32 | C37: 81 | E37: =+E36+1 -> 130 | G37: 179
A38: 33 | C38: 82 | E38: =+E37+1 -> 131 | G38: 180
A39: 34 | C39: 83 | E39: =+E38+1 -> 132 | G39: 181
A40: 35 | C40: 84 | E40: =+E39+1 -> 133 | G40: 182
A41: 36 | C41: 85 | E41: =+E40+1 -> 134 | G41: 183
... A54: 49 | C54: 98 | E54: =+E53+1 -> 147 | G54: 196
B55: =SUM(B6:B54) -> 0 | D55: =SUM(D6:D54) -> 0 | F55: =SUM(F6:F54) -> 0 | H55: =SUM(H6:H54) -> 0 | J55: =SUM(J6:J54) -> 0
A56: Итого кип | B56: =COUNT(B6:B54,D6:D54,F6:F54,H6:H54,J6:J54) -> 0 | C56: Масса брутто | E56: =B55+D55+F55+H55+J55 -> 0 | F56: Тары | G56: =B56*2.2 -> 0 | H56: Масса нетто | J56: =E56-G56 -> 0
A57: Лаборант:
F59: Тара | G59: 2.2

Sheet 236
A1: Акт покипного отвеса
A2: Лаборатория: хлопзавод при ООО "Navbahor Tekstil"
A3: Марка № | I3: Корхона олди
I4: Жами
A5: № | B5: Масса | C5: № | D5: Масса | E5: № | F5: Масса | G5: № | H5: Масса | I5: № | J5: Масса
A6: 1 | C6: 50 | E6: 99 | G6: 148 | I6: 197
A7: 2 | C7: 51 | E7: 100 | G7: 149 | I7: 198
A8: 3 | C8: 52 | E8: =+E7+1 -> 101 | G8: 150 | I8: 199
A9: 4 | C9: 53 | E9: =+E8+1 -> 102 | G9: 151 | I9: 200
A10: 5 | C10: 54 | E10: =+E9+1 -> 103 | G10: 152 | I10: 201
A11: 6 | C11: 55 | E11: =+E10+1 -> 104 | G11: 153 | I11: 202
A12: 7 | C12: 56 | E12: =+E11+1 -> 105 | G12: 154 | I12: 203
A13: 8 | C13: 57 | E13: =+E12+1 -> 106 | G13: 155 | I13: 204
A14: 9 | C14: 58 | E14: =+E13+1 -> 107 | G14: 156 | I14: 205
A15: 10 | C15: 59 | E15: =+E14+1 -> 108 | G15: 157 | I15: 206
A16: 11 | C16: 60 | E16: =+E15+1 -> 109 | G16: 158 | I16: 207
A17: 12 | C17: 61 | E17: =+E16+1 -> 110 | G17: 159 | I17: 208
A18: 13 | C18: 62 | E18: =+E17+1 -> 111 | G18: 160 | I18: 209
A19: 14 | C19: 63 | E19: =+E18+1 -> 112 | G19: 161 | I19: 210
... A29: 24 | C29: 73 | E29: =+E28+1 -> 122 | G29: 171 | I29: 220
A30: 25 | C30: 74 | E30: =+E29+1 -> 123 | G30: 172
A31: 26 | C31: 75 | E31: =+E30+1 -> 124 | G31: 173
A32: 27 | C32: 76 | E32: =+E31+1 -> 125 | G32: 174
A33: 28 | C33: 77 | E33: =+E32+1 -> 126 | G33: 175
A34: 29 | C34: 78 | E34: =+E33+1 -> 127 | G34: 176
A35: 30 | C35: 79 | E35: =+E34+1 -> 128 | G35: 177
A36: 31 | C36: 80 | E36: =+E35+1 -> 129 | G36: 178
A37: 32 | C37: 81 | E37: =+E36+1 -> 130 | G37: 179
A38: 33 | C38: 82 | E38: =+E37+1 -> 131 | G38: 180
A39: 34 | C39: 83 | E39: =+E38+1 -> 132 | G39: 181
A40: 35 | C40: 84 | E40: =+E39+1 -> 133 | G40: 182
A41: 36 | C41: 85 | E41: =+E40+1 -> 134 | G41: 183
... A54: 49 | C54: 98 | E54: =+E53+1 -> 147 | G54: 196
B55: =SUM(B6:B54) -> 0 | D55: =SUM(D6:D54) -> 0 | F55: =SUM(F6:F54) -> 0 | H55: =SUM(H6:H54) -> 0 | J55: =SUM(J6:J54) -> 0
A56: Итого кип | B56: =COUNT(B6:B54,D6:D54,F6:F54,H6:H54,J6:J54) -> 0 | C56: Масса брутто | E56: =B55+D55+F55+H55+J55 -> 0 | F56: Тары | G56: =B56*2.2 -> 0 | H56: Масса нетто | J56: =E56-G56 -> 0
A57: Лаборант:
F59: Тара | G59: 2.2

Sheet 235
A1: Акт покипного отвеса
A2: Лаборатория: хлопзавод при ООО "Navbahor Tekstil"
A3: Марка № | B3: 235 | I3: Корхона олди
I4: Жами
A5: № | B5: Масса | C5: № | D5: Масса | E5: № | F5: Масса | G5: № | H5: Масса | I5: № | J5: Масса
A6: 1 | B6: 189.6 | C6: 50 | D6: 207.5 | E6: 99 | F6: 199.7 | G6: 148 | H6: 191.2 | I6: 197
A7: 2 | B7: 204.8 | C7: 51 | D7: 207.8 | E7: 100 | F7: 199.1 | G7: 149 | H7: 211.9 | I7: 198
A8: 3 | B8: 200.4 | C8: 52 | D8: 212.7 | E8: =+E7+1 -> 101 | F8: 195.7 | G8: 150 | H8: 180.4 | I8: 199
A9: 4 | B9: 205.2 | C9: 53 | D9: 208.1 | E9: =+E8+1 -> 102 | F9: 203.8 | G9: 151 | H9: 213.9 | I9: 200
A10: 5 | B10: 200.7 | C10: 54 | D10: 208.7 | E10: =+E9+1 -> 103 | F10: 187.9 | G10: 152 | H10: 174.2 | I10: 201
A11: 6 | B11: 206 | C11: 55 | D11: 209.5 | E11: =+E10+1 -> 104 | F11: 212 | G11: 153 | H11: 216.4 | I11: 202
A12: 7 | B12: 203.3 | C12: 56 | D12: 209.8 | E12: =+E11+1 -> 105 | F12: 192.5 | G12: 154 | I12: 203
A13: 8 | B13: 205.5 | C13: 57 | D13: 210.5 | E13: =+E12+1 -> 106 | F13: 207.8 | G13: 155 | I13: 204
A14: 9 | B14: 202.6 | C14: 58 | D14: 206.4 | E14: =+E13+1 -> 107 | F14: 195 | G14: 156 | I14: 205
A15: 10 | B15: 199.7 | C15: 59 | D15: 209.1 | E15: =+E14+1 -> 108 | F15: 178.2 | G15: 157 | I15: 206
A16: 11 | B16: 200.2 | C16: 60 | D16: 207.4 | E16: =+E15+1 -> 109 | F16: 212.5 | G16: 158 | I16: 207
A17: 12 | B17: 205.4 | C17: 61 | D17: 209.6 | E17: =+E16+1 -> 110 | F17: 190.2 | G17: 159 | I17: 208
A18: 13 | B18: 198.3 | C18: 62 | D18: 210 | E18: =+E17+1 -> 111 | F18: 206.8 | G18: 160 | I18: 209
A19: 14 | B19: 188.6 | C19: 63 | D19: 204.7 | E19: =+E18+1 -> 112 | F19: 188.5 | G19: 161 | I19: 210
A20: 15 | B20: 199 | C20: 64 | D20: 203.4 | E20: =+E19+1 -> 113 | F20: 209.5 | G20: 162 | I20: 211
A21: 16 | B21: 201.8 | C21: 65 | D21: 210.7 | E21: =+E20+1 -> 114 | F21: 209.2 | G21: 163 | I21: 212
A22: 17 | B22: 194.4 | C22: 66 | D22: 201.8 | E22: =+E21+1 -> 115 | F22: 172 | G22: 164 | I22: 213
A23: 18 | B23: 208.3 | C23: 67 | D23: 204.6 | E23: =+E22+1 -> 116 | F23: 186.7 | G23: 165 | I23: 214
... A29: 24 | B29: 200.7 | C29: 73 | D29: 205.3 | E29: =+E28+1 -> 122 | F29: 208.4 | G29: 171 | I29: 220
A30: 25 | B30: 203.5 | C30: 74 | D30: 206.9 | E30: =+E29+1 -> 123 | F30: 179.1 | G30: 172
A31: 26 | B31: 195.7 | C31: 75 | D31: 200.6 | E31: =+E30+1 -> 124 | F31: 160.6 | G31: 173
A32: 27 | B32: 202.3 | C32: 76 | D32: 204 | E32: =+E31+1 -> 125 | F32: 208.2 | G32: 174
A33: 28 | B33: 209.8 | C33: 77 | D33: 208.6 | E33: =+E32+1 -> 126 | F33: 198.7 | G33: 175
A34: 29 | B34: 207.7 | C34: 78 | D34: 205.6 | E34: =+E33+1 -> 127 | F34: 207.1 | G34: 176
A35: 30 | B35: 205.2 | C35: 79 | D35: 203.6 | E35: =+E34+1 -> 128 | F35: 206.9 | G35: 177
A36: 31 | B36: 205.7 | C36: 80 | D36: 203 | E36: =+E35+1 -> 129 | F36: 179.9 | G36: 178
A37: 32 | B37: 197.7 | C37: 81 | D37: 205.2 | E37: =+E36+1 -> 130 | F37: 210.1 | G37: 179
A38: 33 | B38: 202.6 | C38: 82 | D38: 206.5 | E38: =+E37+1 -> 131 | F38: 185.6 | G38: 180
A39: 34 | B39: 205.8 | C39: 83 | D39: 177.8 | E39: =+E38+1 -> 132 | F39: 209.6 | G39: 181
A40: 35 | B40: 198.3 | C40: 84 | D40: 195.8 | E40: =+E39+1 -> 133 | F40: 206.8 | G40: 182
A41: 36 | B41: 199.2 | C41: 85 | D41: 158.1 | E41: =+E40+1 -> 134 | F41: 217.5 | G41: 183
... A54: 49 | B54: 200.6 | C54: 98 | D54: 200.1 | E54: =+E53+1 -> 147 | F54: 211.9 | G54: 196
B55: =SUM(B6:B54) -> 9987.3 | D55: =SUM(D6:D54) -> 9883.6 | F55: =SUM(F6:F54) -> 9756.4 | H55: =SUM(H6:H54) -> 1188 | J55: =SUM(J6:J54) -> 0
A56: Итого кип | B56: =COUNT(B6:B54,D6:D54,F6:F54,H6:H54,J6:J54) -> 153 | C56: Масса брутто | E56: =B55+D55+F55+H55+J55 -> 30815.3 | F56: Тары | G56: =B56*2.2 -> 336.6 | H56: Масса нетто | J56: =E56-G56 -> 30478.7
A57: Лаборант:
F59: Тара | G59: 2.2

Sheet 234
A1: Акт покипного отвеса
A2: Лаборатория: хлопзавод при ООО "Navbahor Tekstil"
A3: Марка № | B3: 234 | I3: Корхона олди
I4: Жами
A5: № | B5: Масса | C5: № | D5: Масса | E5: № | F5: Масса | G5: № | H5: Масса | I5: № | J5: Масса
A6: 1 | B6: 202.1 | C6: 50 | D6: 216.4 | E6: 99 | F6: 205.8 | G6: 148 | H6: 209.7 | I6: 197 | J6: 185.2
A7: 2 | B7: 200.5 | C7: 51 | D7: 211.9 | E7: 100 | F7: 205.4 | G7: 149 | H7: 202.5 | I7: 198 | J7: 189
A8: 3 | B8: 204.7 | C8: 52 | D8: 206.7 | E8: =+E7+1 -> 101 | F8: 207.8 | G8: 150 | H8: 202.3 | I8: 199 | J8: 181.1
A9: 4 | B9: 197.8 | C9: 53 | D9: 208.8 | E9: =+E8+1 -> 102 | F9: 201.1 | G9: 151 | H9: 210.3 | I9: 200 | J9: 192.1
A10: 5 | B10: 205.41 | C10: 54 | D10: 204.8 | E10: =+E9+1 -> 103 | F10: 204.2 | G10: 152 | H10: 211.5 | I10: 201 | J10: 201.1
A11: 6 | B11: 206 | C11: 55 | D11: 201.9 | E11: =+E10+1 -> 104 | F11: 197.7 | G11: 153 | H11: 207.6 | I11: 202 | J11: 193.6
A12: 7 | B12: 197.7 | C12: 56 | D12: 211.2 | E12: =+E11+1 -> 105 | F12: 202.8 | G12: 154 | H12: 214.4 | I12: 203 | J12: 189.2
A13: 8 | B13: 202.4 | C13: 57 | D13: 207.2 | E13: =+E12+1 -> 106 | F13: 209.7 | G13: 155 | H13: 217.9 | I13: 204 | J13: 179.7
A14: 9 | B14: 199.2 | C14: 58 | D14: 204.4 | E14: =+E13+1 -> 107 | F14: 205.5 | G14: 156 | H14: 210 | I14: 205 | J14: 188.9
A15: 10 | B15: 205.3 | C15: 59 | D15: 204.1 | E15: =+E14+1 -> 108 | F15: 198.1 | G15: 157 | H15: 229.2 | I15: 206 | J15: 185
A16: 11 | B16: 211 | C16: 60 | D16: 202.5 | E16: =+E15+1 -> 109 | F16: 214.7 | G16: 158 | H16: 192.3 | I16: 207 | J16: 182.6
A17: 12 | B17: 201.7 | C17: 61 | D17: 209.8 | E17: =+E16+1 -> 110 | F17: 207.1 | G17: 159 | H17: 203.3 | I17: 208 | J17: 180.4
A18: 13 | B18: 198.3 | C18: 62 | D18: 211.4 | E18: =+E17+1 -> 111 | F18: 212.5 | G18: 160 | H18: 213.3 | I18: 209 | J18: 197.1
A19: 14 | B19: 200.7 | C19: 63 | D19: 206 | E19: =+E18+1 -> 112 | F19: 202.5 | G19: 161 | H19: 187.4 | I19: 210 | J19: 193.7
... A29: 24 | B29: 206.8 | C29: 73 | D29: 210.4 | E29: =+E28+1 -> 122 | F29: 213.3 | G29: 171 | H29: 193.6 | I29: 220 | J29: 198.7
A30: 25 | B30: 201.9 | C30: 74 | D30: 215.1 | E30: =+E29+1 -> 123 | F30: 211.7 | G30: 172 | H30: 208.3
A31: 26 | B31: 211.2 | C31: 75 | D31: 210.6 | E31: =+E30+1 -> 124 | F31: 205.3 | G31: 173 | H31: 179.9
A32: 27 | B32: 200.5 | C32: 76 | D32: 204.8 | E32: =+E31+1 -> 125 | F32: 200.4 | G32: 174 | H32: 208.2
A33: 28 | B33: 202.9 | C33: 77 | D33: 205 | E33: =+E32+1 -> 126 | F33: 206.8 | G33: 175 | H33: 205.6
A34: 29 | B34: 203 | C34: 78 | D34: 208.2 | E34: =+E33+1 -> 127 | F34: 211.5 | G34: 176 | H34: 192.9
A35: 30 | B35: 207.9 | C35: 79 | D35: 209.1 | E35: =+E34+1 -> 128 | F35: 210.9 | G35: 177 | H35: 174.9
A36: 31 | B36: 208.7 | C36: 80 | D36: 208.9 | E36: =+E35+1 -> 129 | F36: 217.4 | G36: 178 | H36: 193.9
A37: 32 | B37: 205.7 | C37: 81 | D37: 210.2 | E37: =+E36+1 -> 130 | F37: 205.7 | G37: 179 | H37: 209.7
A38: 33 | B38: 202.2 | C38: 82 | D38: 213.7 | E38: =+E37+1 -> 131 | F38: 206.6 | G38: 180 | H38: 181.8
A39: 34 | B39: 206.2 | C39: 83 | D39: 203.9 | E39: =+E38+1 -> 132 | F39: 204.9 | G39: 181 | H39: 196.4
A40: 35 | B40: 203.5 | C40: 84 | D40: 208.4 | E40: =+E39+1 -> 133 | F40: 197.8 | G40: 182 | H40: 191.5
A41: 36 | B41: 201.3 | C41: 85 | D41: 209.1 | E41: =+E40+1 -> 134 | F41: 205 | G41: 183 | H41: 196.3
... A54: 49 | B54: 208.6 | C54: 98 | D54: 207.2 | E54: =+E53+1 -> 147 | F54: 196.2 | G54: 196 | H54: 178.8
B55: =SUM(B6:B54) -> 10040.61 | D55: =SUM(D6:D54) -> 10207.7 | F55: =SUM(F6:F54) -> 10117.8 | H55: =SUM(H6:H54) -> 9494.9 | J55: =SUM(J6:J54) -> 4538.6
A56: Итого кип | B56: =COUNT(B6:B54,D6:D54,F6:F54,H6:H54,J6:J54) -> 220 | C56: Масса брутто | E56: =B55+D55+F55+H55+J55 -> 44399.61 | F56: Тары | G56: =B56*2.2 -> 484 | H56: Масса нетто | J56: =E56-G56 -> 43915.61
A57: Лаборант:
F59: Тара | G59: 2.2

Sheet 233
A1: Акт покипного отвеса | L1: Акт покипного отвеса | W1: Акт покипного отвеса
A2: Лаборатория: хлопзавод при ООО "Navbahor Tekstil" | L2: Лаборатория: хлопзавод при ООО "Navbahor Tekstil" | W2: Лаборатория: хлопзавод при ООО "Navbahor Tekstil"
A3: Марка № | B3: 233 | I3: Корхона олди | L3: Марка № | M3: 233 | T3: Корхона олди | W3: Марка № | X3: 233 | AE3: Корхона олди
I4: Жами | T4: 1 яхши | AE4: 1 урта
A5: № | B5: Масса | C5: № | D5: Масса | E5: № | F5: Масса | G5: № | H5: Масса | I5: № | J5: Масса | L5: № | M5: Масса | N5: № | O5: Масса | P5: № | Q5: Масса | R5: № | S5: Масса | T5: № | U5: Масса | W5: № | X5: Масса | Y5: № | Z5: Масса | AA5: № | AB5: Масса | AC5: № | AD5: Масса | AE5: № | AF5: Масса
A6: 1 | B6: 208.5 | C6: 50 | D6: 209 | E6: 99 | F6: 203.5 | G6: 148 | H6: 206.6 | I6: 197 | J6: 205.8 | L6: 1 | N6: 50 | O6: 209 | P6: 99 | Q6: 203.5 | R6: 148 | S6: 206.6 | T6: 197 | W6: 1 | X6: 208.5 | Y6: 50 | AA6: 99 | AC6: 148 | AE6: 197 | AF6: 205.8
A7: 2 | B7: 206.9 | C7: 51 | D7: 207.3 | E7: 100 | F7: 206.6 | G7: 149 | H7: 201.7 | I7: 198 | J7: 199.7 | L7: 2 | N7: 51 | O7: 207.3 | P7: 100 | Q7: 206.6 | R7: 149 | S7: 201.7 | T7: 198 | W7: 2 | X7: 206.9 | Y7: 51 | AA7: 100 | AC7: 149 | AE7: 198 | AF7: 199.7
A8: 3 | B8: 212.1 | C8: 52 | D8: 214.8 | E8: =+E7+1 -> 101 | F8: 207.2 | G8: 150 | H8: 206.3 | I8: 199 | J8: 201.5 | L8: 3 | N8: 52 | O8: 214.8 | P8: =+P7+1 -> 101 | Q8: 207.2 | R8: 150 | S8: 206.3 | T8: 199 | W8: 3 | X8: 212.1 | Y8: 52 | AA8: =+AA7+1 -> 101 | AC8: 150 | AE8: 199 | AF8: 201.5
A9: 4 | B9: 209.4 | C9: 53 | D9: 214.5 | E9: =+E8+1 -> 102 | F9: 211.3 | G9: 151 | H9: 204.3 | I9: 200 | J9: 204.9 | L9: 4 | N9: 53 | O9: 214.5 | P9: =+P8+1 -> 102 | Q9: 211.3 | R9: 151 | S9: 204.3 | T9: 200 | W9: 4 | X9: 209.4 | Y9: 53 | AA9: =+AA8+1 -> 102 | AC9: 151 | AE9: 200 | AF9: 204.9
A10: 5 | B10: 212.5 | C10: 54 | D10: 212.4 | E10: =+E9+1 -> 103 | F10: 209.1 | G10: 152 | H10: 200.4 | I10: 201 | J10: 200 | L10: 5 | N10: 54 | O10: 212.4 | P10: =+P9+1 -> 103 | Q10: 209.1 | R10: 152 | S10: 200.4 | T10: 201 | W10: 5 | X10: 212.5 | Y10: 54 | AA10: =+AA9+1 -> 103 | AC10: 152 | AE10: 201 | AF10: 200
A11: 6 | B11: 209.5 | C11: 55 | D11: 207.5 | E11: =+E10+1 -> 104 | F11: 203.5 | G11: 153 | H11: 200.3 | I11: 202 | J11: 198.5 | L11: 6 | N11: 55 | O11: 207.5 | P11: =+P10+1 -> 104 | Q11: 203.5 | R11: 153 | S11: 200.3 | T11: 202 | W11: 6 | X11: 209.5 | Y11: 55 | AA11: =+AA10+1 -> 104 | AC11: 153 | AE11: 202 | AF11: 198.5
A12: 7 | B12: 205.6 | C12: 56 | D12: 202.1 | E12: =+E11+1 -> 105 | F12: 212.4 | G12: 154 | H12: 204.7 | I12: 203 | J12: 203.9 | L12: 7 | N12: 56 | O12: 202.1 | P12: =+P11+1 -> 105 | Q12: 212.4 | R12: 154 | S12: 204.7 | T12: 203 | W12: 7 | X12: 205.6 | Y12: 56 | AA12: =+AA11+1 -> 105 | AC12: 154 | AE12: 203 | AF12: 203.9
A13: 8 | B13: 207.6 | C13: 57 | D13: 202.1 | E13: =+E12+1 -> 106 | F13: 208.5 | G13: 155 | H13: 204.2 | I13: 204 | J13: 201.4 | L13: 8 | N13: 57 | O13: 202.1 | P13: =+P12+1 -> 106 | Q13: 208.5 | R13: 155 | S13: 204.2 | T13: 204 | W13: 8 | X13: 207.6 | Y13: 57 | AA13: =+AA12+1 -> 106 | AC13: 155 | AE13: 204 | AF13: 201.4
A14: 9 | B14: 204.1 | C14: 58 | D14: 202.7 | E14: =+E13+1 -> 107 | F14: 199.3 | G14: 156 | H14: 198.8 | I14: 205 | J14: 198.9 | L14: 9 | N14: 58 | O14: 202.7 | P14: =+P13+1 -> 107 | Q14: 199.3 | R14: 156 | S14: 198.8 | T14: 205 | W14: 9 | X14: 204.1 | Y14: 58 | AA14: =+AA13+1 -> 107 | AC14: 156 | AE14: 205 | AF14: 198.9
A15: 10 | B15: 206.5 | C15: 59 | D15: 195.8 | E15: =+E14+1 -> 108 | F15: 197.4 | G15: 157 | H15: 193.7 | I15: 206 | J15: 205.2 | L15: 10 | N15: 59 | O15: 195.8 | P15: =+P14+1 -> 108 | Q15: 197.4 | R15: 157 | S15: 193.7 | T15: 206 | W15: 10 | X15: 206.5 | Y15: 59 | AA15: =+AA14+1 -> 108 | AC15: 157 | AE15: 206 | AF15: 205.2
A16: 11 | B16: 211.6 | C16: 60 | D16: 214 | E16: =+E15+1 -> 109 | F16: 190.1 | G16: 158 | H16: 209.3 | I16: 207 | J16: 195.4 | L16: 11 | N16: 60 | O16: 214 | P16: =+P15+1 -> 109 | Q16: 190.1 | R16: 158 | S16: 209.3 | T16: 207 | W16: 11 | X16: 211.6 | Y16: 60 | AA16: =+AA15+1 -> 109 | AC16: 158 | AE16: 207 | AF16: 195.4
A17: 12 | B17: 204.4 | C17: 61 | D17: 208.7 | E17: =+E16+1 -> 110 | F17: 205.6 | G17: 159 | H17: 196.5 | I17: 208 | J17: 197.3 | L17: 12 | N17: 61 | O17: 208.7 | P17: =+P16+1 -> 110 | Q17: 205.6 | R17: 159 | S17: 196.5 | T17: 208 | W17: 12 | X17: 204.4 | Y17: 61 | AA17: =+AA16+1 -> 110 | AC17: 159 | AE17: 208 | AF17: 197.3
A18: 13 | B18: 205.1 | C18: 62 | D18: 211.8 | E18: =+E17+1 -> 111 | F18: 209.6 | G18: 160 | H18: 204.6 | I18: 209 | J18: 192.5 | L18: 13 | N18: 62 | O18: 211.8 | P18: =+P17+1 -> 111 | Q18: 209.6 | R18: 160 | S18: 204.6 | T18: 209 | W18: 13 | X18: 205.1 | Y18: 62 | AA18: =+AA17+1 -> 111 | AC18: 160 | AE18: 209 | AF18: 192.5
A19: 14 | B19: 210.8 | C19: 63 | D19: 209.4 | E19: =+E18+1 -> 112 | F19: 202.9 | G19: 161 | H19: 205.2 | I19: 210 | J19: 200.9 | L19: 14 | N19: 63 | O19: 209.4 | P19: =+P18+1 -> 112 | Q19: 202.9 | R19: 161 | S19: 205.2 | T19: 210 | W19: 14 | X19: 210.8 | Y19: 63 | AA19: =+AA18+1 -> 112 | AC19: 161 | AE19: 210 | AF19: 200.9
... A28: 23 | B28: 205.7 | C28: 72 | D28: 210 | E28: =+E27+1 -> 121 | F28: 200.9 | G28: 170 | H28: 207.9 | I28: 219 | J28: 203.1 | L28: 23 | N28: 72 | O28: 210 | P28: =+P27+1 -> 121 | Q28: 200.9 | R28: 170 | S28: 207.9 | T28: 219 | W28: 23 | X28: 205.7 | Y28: 72 | AA28: =+AA27+1 -> 121 | AC28: 170 | AE28: 219 | AF28: 203.1
A29: 24 | B29: 201.7 | C29: 73 | D29: 203 | E29: =+E28+1 -> 122 | F29: 204.9 | G29: 171 | H29: 197.2 | I29: 220 | J29: 200.6 | L29: 24 | N29: 73 | O29: 203 | P29: =+P28+1 -> 122 | Q29: 204.9 | R29: 171 | T29: 220 | W29: 24 | X29: 201.7 | Y29: 73 | AA29: =+AA28+1 -> 122 | AC29: 171 | AD29: 197.2 | AE29: 220 | AF29: 200.6
A30: 25 | B30: 213.8 | C30: 74 | D30: 198.8 | E30: =+E29+1 -> 123 | F30: 202.9 | G30: 172 | H30: 201.1 | L30: 25 | N30: 74 | O30: 198.8 | P30: =+P29+1 -> 123 | Q30: 202.9 | R30: 172 | W30: 25 | X30: 213.8 | Y30: 74 | AA30: =+AA29+1 -> 123 | AC30: 172 | AD30: 201.1
A31: 26 | B31: 205 | C31: 75 | D31: 204.7 | E31: =+E30+1 -> 124 | F31: 205.5 | G31: 173 | H31: 208.9 | L31: 26 | N31: 75 | O31: 204.7 | P31: =+P30+1 -> 124 | Q31: 205.5 | R31: 173 | W31: 26 | X31: 205 | Y31: 75 | AA31: =+AA30+1 -> 124 | AC31: 173 | AD31: 208.9
A32: 27 | B32: 206.7 | C32: 76 | D32: 212.5 | E32: =+E31+1 -> 125 | F32: 206.1 | G32: 174 | H32: 203.8 | L32: 27 | N32: 76 | O32: 212.5 | P32: =+P31+1 -> 125 | Q32: 206.1 | R32: 174 | W32: 27 | X32: 206.7 | Y32: 76 | AA32: =+AA31+1 -> 125 | AC32: 174 | AD32: 203.8
A33: 28 | B33: 212.8 | C33: 77 | D33: 204.2 | E33: =+E32+1 -> 126 | F33: 213.2 | G33: 175 | H33: 206.9 | L33: 28 | N33: 77 | O33: 204.2 | P33: =+P32+1 -> 126 | Q33: 213.2 | R33: 175 | W33: 28 | X33: 212.8 | Y33: 77 | AA33: =+AA32+1 -> 126 | AC33: 175 | AD33: 206.9
A34: 29 | B34: 209 | C34: 78 | D34: 206.5 | E34: =+E33+1 -> 127 | F34: 209.4 | G34: 176 | H34: 203.6 | L34: 29 | N34: 78 | O34: 206.5 | P34: =+P33+1 -> 127 | Q34: 209.4 | R34: 176 | W34: 29 | X34: 209 | Y34: 78 | AA34: =+AA33+1 -> 127 | AC34: 176 | AD34: 203.6
A35: 30 | B35: 208.2 | C35: 79 | D35: 208.5 | E35: =+E34+1 -> 128 | F35: 205.9 | G35: 177 | H35: 207.5 | L35: 30 | N35: 79 | O35: 208.5 | P35: =+P34+1 -> 128 | Q35: 205.9 | R35: 177 | W35: 30 | X35: 208.2 | Y35: 79 | AA35: =+AA34+1 -> 128 | AC35: 177 | AD35: 207.5
A36: 31 | B36: 203.8 | C36: 80 | D36: 211.5 | E36: =+E35+1 -> 129 | F36: 203.4 | G36: 178 | H36: 202.4 | L36: 31 | N36: 80 | O36: 211.5 | P36: =+P35+1 -> 129 | Q36: 203.4 | R36: 178 | W36: 31 | X36: 203.8 | Y36: 80 | AA36: =+AA35+1 -> 129 | AC36: 178 | AD36: 202.4
A37: 32 | B37: 201.9 | C37: 81 | D37: 204.9 | E37: =+E36+1 -> 130 | F37: 206.7 | G37: 179 | H37: 203.6 | L37: 32 | N37: 81 | O37: 204.9 | P37: =+P36+1 -> 130 | Q37: 206.7 | R37: 179 | W37: 32 | X37: 201.9 | Y37: 81 | AA37: =+AA36+1 -> 130 | AC37: 179 | AD37: 203.6
A38: 33 | B38: 206.4 | C38: 82 | D38: 214.2 | E38: =+E37+1 -> 131 | F38: 208.8 | G38: 180 | H38: 201.2 | L38: 33 | N38: 82 | O38: 214.2 | P38: =+P37+1 -> 131 | Q38: 208.8 | R38: 180 | W38: 33 | X38: 206.4 | Y38: 82 | AA38: =+AA37+1 -> 131 | AC38: 180 | AD38: 201.2
A39: 34 | B39: 212 | C39: 83 | D39: 210.3 | E39: =+E38+1 -> 132 | F39: 207.8 | G39: 181 | H39: 205.2 | L39: 34 | N39: 83 | O39: 210.3 | P39: =+P38+1 -> 132 | Q39: 207.8 | R39: 181 | W39: 34 | X39: 212 | Y39: 83 | AA39: =+AA38+1 -> 132 | AC39: 181 | AD39: 205.2
A40: 35 | B40: 204 | C40: 84 | D40: 208.6 | E40: =+E39+1 -> 133 | F40: 208.3 | G40: 182 | H40: 199.6 | L40: 35 | N40: 84 | O40: 208.6 | P40: =+P39+1 -> 133 | Q40: 208.3 | R40: 182 | W40: 35 | X40: 204 | Y40: 84 | AA40: =+AA39+1 -> 133 | AC40: 182 | AD40: 199.6
A41: 36 | B41: 210 | C41: 85 | D41: 204.6 | E41: =+E40+1 -> 134 | F41: 209 | G41: 183 | H41: 196.2 | L41: 36 | N41: 85 | O41: 204.6 | P41: =+P40+1 -> 134 | Q41: 209 | R41: 183 | W41: 36 | X41: 210 | Y41: 85 | AA41: =+AA40+1 -> 134 | AC41: 183 | AD41: 196.2
... A45: 40 | B45: 206.1 | C45: 89 | D45: 204.9 | E45: =+E44+1 -> 138 | F45: 214.7 | G45: 187 | H45: 172.6 | L45: 40 | N45: 89 | O45: 204.9 | P45: =+P44+1 -> 138 | Q45: 214.7 | R45: 187 | W45: 40 | X45: 206.1 | Y45: 89 | AA45: =+AA44+1 -> 138 | AC45: 187 | AD45: 172.6
A46: 41 | B46: 209.7 | C46: 90 | D46: 206.8 | E46: =+E45+1 -> 139 | F46: 203.9 | G46: 188 | H46: 205.6 | L46: 41 | M46: 209.7 | N46: 90 | O46: 206.8 | P46: =+P45+1 -> 139 | Q46: 203.9 | R46: 188 | W46: 41 | Y46: 90 | AA46: =+AA45+1 -> 139 | AC46: 188 | AD46: 205.6
A47: 42 | B47: 206.5 | C47: 91 | D47: 208.9 | E47: =+E46+1 -> 140 | F47: 203.7 | G47: 189 | H47: 206.6 | L47: 42 | M47: 206.5 | N47: 91 | O47: 208.9 | P47: =+P46+1 -> 140 | Q47: 203.7 | R47: 189 | W47: 42 | Y47: 91 | AA47: =+AA46+1 -> 140 | AC47: 189 | AD47: 206.6
A48: 43 | B48: 212.8 | C48: 92 | D48: 211.9 | E48: =+E47+1 -> 141 | F48: 203.9 | G48: 190 | H48: 199.6 | L48: 43 | M48: 212.8 | N48: 92 | O48: 211.9 | P48: =+P47+1 -> 141 | Q48: 203.9 | R48: 190 | W48: 43 | Y48: 92 | AA48: =+AA47+1 -> 141 | AC48: 190 | AD48: 199.6
A49: 44 | B49: 211.8 | C49: 93 | D49: 206.4 | E49: =+E48+1 -> 142 | F49: 204.4 | G49: 191 | H49: 202.6 | L49: 44 | M49: 211.8 | N49: 93 | O49: 206.4 | P49: =+P48+1 -> 142 | Q49: 204.4 | R49: 191 | W49: 44 | Y49: 93 | AA49: =+AA48+1 -> 142 | AC49: 191 | AD49: 202.6
A50: 45 | B50: 208.7 | C50: 94 | D50: 198.2 | E50: =+E49+1 -> 143 | F50: 208.1 | G50: 192 | H50: 201.3 | L50: 45 | M50: 208.7 | N50: 94 | O50: 198.2 | P50: =+P49+1 -> 143 | Q50: 208.1 | R50: 192 | W50: 45 | Y50: 94 | AA50: =+AA49+1 -> 143 | AC50: 192 | AD50: 201.3
A51: 46 | B51: 203.6 | C51: 95 | D51: 194 | E51: =+E50+1 -> 144 | F51: 208.8 | G51: 193 | H51: 201.2 | L51: 46 | M51: 203.6 | N51: 95 | O51: 194 | P51: =+P50+1 -> 144 | Q51: 208.8 | R51: 193 | W51: 46 | Y51: 95 | AA51: =+AA50+1 -> 144 | AC51: 193 | AD51: 201.2
A52: 47 | B52: 206 | C52: 96 | D52: 193 | E52: =+E51+1 -> 145 | F52: 202 | G52: 194 | H52: 205.8 | L52: 47 | M52: 206 | N52: 96 | O52: 193 | P52: =+P51+1 -> 145 | Q52: 202 | R52: 194 | W52: 47 | Y52: 96 | AA52: =+AA51+1 -> 145 | AC52: 194 | AD52: 205.8
A53: 48 | B53: 204.5 | C53: 97 | D53: 200.8 | E53: =+E52+1 -> 146 | F53: 211.9 | G53: 195 | H53: 203.7 | L53: 48 | M53: 204.5 | N53: 97 | O53: 200.8 | P53: =+P52+1 -> 146 | Q53: 211.9 | R53: 195 | W53: 48 | Y53: 97 | AA53: =+AA52+1 -> 146 | AC53: 195 | AD53: 203.7
A54: 49 | B54: 224.7 | C54: 98 | D54: 206.9 | E54: =+E53+1 -> 147 | F54: 203.5 | G54: 196 | H54: 209.1 | L54: 49 | M54: 224.7 | N54: 98 | O54: 206.9 | P54: =+P53+1 -> 147 | Q54: 203.5 | R54: 196 | W54: 49 | Y54: 98 | AA54: =+AA53+1 -> 147 | AC54: 196 | AD54: 209.1
B55: =SUM(B6:B54) -> 10175.4 | D55: =SUM(D6:D54) -> 10071.3 | F55: =SUM(F6:F54) -> 10086.1 | H55: =SUM(H6:H54) -> 9908.1 | J55: =SUM(J6:J54) -> 4811.6 | M55: =SUM(M6:M54) -> 1888.3 | O55: =SUM(O6:O54) -> 10071.3 | Q55: =SUM(Q6:Q54) -> 10086.1 | S55: =SUM(S6:S54) -> 4660.3 | U55: =SUM(U6:U54) -> 0 | X55: =SUM(X6:X54) -> 8287.1 | Z55: =SUM(Z6:Z54) -> 0 | AB55: =SUM(AB6:AB54) -> 0 | AD55: =SUM(AD6:AD54) -> 5247.8 | AF55: =SUM(AF6:AF54) -> 4811.6
A56: Итого кип | B56: =COUNT(B6:B54,D6:D54,F6:F54,H6:H54,J6:J54) -> 220 | C56: Масса брутто | E56: =B55+D55+F55+H55+J55 -> 45052.5 | F56: Тары | G56: =B56*2.2 -> 484 | H56: Масса нетто | J56: =E56-G56 -> 44568.5 | L56: Итого кип | M56: =COUNT(M6:M54,O6:O54,Q6:Q54,S6:S54,U6:U54) -> 130 | N56: Масса брутто | P56: =M55+O55+Q55+S55+U55 -> 26706 | Q56: Тары | R56: =M56*2.2 -> 286 | S56: Масса нетто | U56: =P56-R56 -> 26420 | W56: Итого кип | X56: =COUNT(X6:X54,Z6:Z54,AB6:AB54,AD6:AD54,AF6:AF54) -> 90 | Y56: Масса брутто | AA56: =X55+Z55+AB55+AD55+AF55 -> 18346.5 | AB56: Тары | AC56: =X56*2.2 -> 198 | AD56: Масса нетто | AF56: =AA56-AC56 -> 18148.5
A57: Лаборант: | L57: Лаборант: | W57: Лаборант:
B58: =M56+X56 -> 220 | E58: =P56+AA56 -> 45052.5 | J58: =U56+AF56 -> 44568.5
F59: Тара | G59: 2.2 | Q59: Тара | R59: 2.2 | AB59: Тара | AC59: 2.2

Sheet 232
A1: Акт покипного отвеса | L1: Акт покипного отвеса | W1: Акт покипного отвеса
A2: Лаборатория: хлопзавод при ООО "Navbahor Tekstil" | L2: Лаборатория: хлопзавод при ООО "Navbahor Tekstil" | W2: Лаборатория: хлопзавод при ООО "Navbahor Tekstil"
A3: Марка № | B3: 232 | I3: Корхона олди | L3: Марка № | M3: 232 | T3: Корхона олди | W3: Марка № | X3: 232 | AE3: Корхона олди
I4: Жами | T4: 1 яхши | AE4: 1 урта
A5: № | B5: Масса | C5: № | D5: Масса | E5: № | F5: Масса | G5: № | H5: Масса | I5: № | J5: Масса | L5: № | M5: Масса | N5: № | O5: Масса | P5: № | Q5: Масса | R5: № | S5: Масса | T5: № | U5: Масса | W5: № | X5: Масса | Y5: № | Z5: Масса | AA5: № | AB5: Масса | AC5: № | AD5: Масса | AE5: № | AF5: Масса
A6: 1 | B6: 201.4 | C6: 50 | D6: 203.1 | E6: 99 | F6: 205.8 | G6: 148 | H6: 202.6 | I6: 197 | J6: 211.2 | L6: 1 | N6: 50 | O6: 203.1 | P6: 99 | R6: 148 | S6: 202.6 | T6: 197 | W6: 1 | X6: 201.4 | Y6: 50 | AA6: 99 | AB6: 205.8 | AC6: 148 | AE6: 197 | AF6: 211.2
A7: 2 | B7: 188 | C7: 51 | D7: 202.2 | E7: 100 | F7: 206.8 | G7: 149 | H7: 206.1 | I7: 198 | J7: 212 | L7: 2 | N7: 51 | O7: 202.2 | P7: 100 | R7: 149 | S7: 206.1 | T7: 198 | W7: 2 | X7: 188 | Y7: 51 | AA7: 100 | AB7: 206.8 | AC7: 149 | AE7: 198 | AF7: 212
A8: 3 | B8: 209.4 | C8: 52 | D8: 200.6 | E8: =+E7+1 -> 101 | F8: 207.3 | G8: 150 | H8: 202 | I8: 199 | J8: 213.6 | L8: 3 | N8: 52 | O8: 200.6 | P8: =+P7+1 -> 101 | R8: 150 | S8: 202 | T8: 199 | W8: 3 | X8: 209.4 | Y8: 52 | AA8: =+AA7+1 -> 101 | AB8: 207.3 | AC8: 150 | AE8: 199 | AF8: 213.6
A9: 4 | B9: 182.4 | C9: 53 | D9: 204.4 | E9: =+E8+1 -> 102 | F9: 204.5 | G9: 151 | H9: 204.2 | I9: 200 | J9: 205.3 | L9: 4 | N9: 53 | O9: 204.4 | P9: =+P8+1 -> 102 | R9: 151 | S9: 204.2 | T9: 200 | W9: 4 | X9: 182.4 | Y9: 53 | AA9: =+AA8+1 -> 102 | AB9: 204.5 | AC9: 151 | AE9: 200 | AF9: 205.3
A10: 5 | B10: 205.9 | C10: 54 | D10: 204.5 | E10: =+E9+1 -> 103 | F10: 199.5 | G10: 152 | H10: 208.2 | I10: 201 | J10: 201.7 | L10: 5 | N10: 54 | O10: 204.5 | P10: =+P9+1 -> 103 | R10: 152 | S10: 208.2 | T10: 201 | W10: 5 | X10: 205.9 | Y10: 54 | AA10: =+AA9+1 -> 103 | AB10: 199.5 | AC10: 152 | AE10: 201 | AF10: 201.7
A11: 6 | B11: 199 | C11: 55 | D11: 202.2 | E11: =+E10+1 -> 104 | F11: 198.9 | G11: 153 | H11: 208.5 | I11: 202 | J11: 209.6 | L11: 6 | N11: 55 | O11: 202.2 | P11: =+P10+1 -> 104 | R11: 153 | S11: 208.5 | T11: 202 | W11: 6 | X11: 199 | Y11: 55 | AA11: =+AA10+1 -> 104 | AB11: 198.9 | AC11: 153 | AE11: 202 | AF11: 209.6
A12: 7 | B12: 191.2 | C12: 56 | D12: 203.4 | E12: =+E11+1 -> 105 | F12: 204.2 | G12: 154 | H12: 202.7 | I12: 203 | J12: 212.2 | L12: 7 | N12: 56 | O12: 203.4 | P12: =+P11+1 -> 105 | R12: 154 | S12: 202.7 | T12: 203 | W12: 7 | X12: 191.2 | Y12: 56 | AA12: =+AA11+1 -> 105 | AB12: 204.2 | AC12: 154 | AE12: 203 | AF12: 212.2
A13: 8 | B13: 205.9 | C13: 57 | D13: 198.5 | E13: =+E12+1 -> 106 | F13: 197.3 | G13: 155 | H13: 199.6 | I13: 204 | J13: 207.1 | L13: 8 | N13: 57 | O13: 198.5 | P13: =+P12+1 -> 106 | R13: 155 | S13: 199.6 | T13: 204 | W13: 8 | X13: 205.9 | Y13: 57 | AA13: =+AA12+1 -> 106 | AB13: 197.3 | AC13: 155 | AE13: 204 | AF13: 207.1
A14: 9 | B14: 163.2 | C14: 58 | D14: 197 | E14: =+E13+1 -> 107 | F14: 202 | G14: 156 | H14: 204.8 | I14: 205 | J14: 208.7 | L14: 9 | N14: 58 | O14: 197 | P14: =+P13+1 -> 107 | R14: 156 | S14: 204.8 | T14: 205 | W14: 9 | X14: 163.2 | Y14: 58 | AA14: =+AA13+1 -> 107 | AB14: 202 | AC14: 156 | AE14: 205 | AF14: 208.7
A15: 10 | B15: 204.9 | C15: 59 | D15: 204.1 | E15: =+E14+1 -> 108 | F15: 201.7 | G15: 157 | H15: 203.9 | I15: 206 | J15: 208.5 | L15: 10 | N15: 59 | O15: 204.1 | P15: =+P14+1 -> 108 | R15: 157 | S15: 203.9 | T15: 206 | W15: 10 | X15: 204.9 | Y15: 59 | AA15: =+AA14+1 -> 108 | AB15: 201.7 | AC15: 157 | AE15: 206 | AF15: 208.5
A16: 11 | B16: 203.1 | C16: 60 | D16: 205.3 | E16: =+E15+1 -> 109 | F16: 206.1 | G16: 158 | H16: 204.4 | I16: 207 | J16: 207.7 | L16: 11 | N16: 60 | O16: 205.3 | P16: =+P15+1 -> 109 | R16: 158 | S16: 204.4 | T16: 207 | W16: 11 | X16: 203.1 | Y16: 60 | AA16: =+AA15+1 -> 109 | AB16: 206.1 | AC16: 158 | AE16: 207 | AF16: 207.7
A17: 12 | B17: 193.6 | C17: 61 | D17: 207.4 | E17: =+E16+1 -> 110 | F17: 206 | G17: 159 | H17: 200.1 | I17: 208 | J17: 211.5 | L17: 12 | N17: 61 | O17: 207.4 | P17: =+P16+1 -> 110 | R17: 159 | S17: 200.1 | T17: 208 | W17: 12 | X17: 193.6 | Y17: 61 | AA17: =+AA16+1 -> 110 | AB17: 206 | AC17: 159 | AE17: 208 | AF17: 211.5
A18: 13 | B18: 208.5 | C18: 62 | D18: 198.6 | E18: =+E17+1 -> 111 | F18: 207 | G18: 160 | H18: 206.4 | I18: 209 | J18: 213.3 | L18: 13 | N18: 62 | O18: 198.6 | P18: =+P17+1 -> 111 | R18: 160 | S18: 206.4 | T18: 209 | W18: 13 | X18: 208.5 | Y18: 62 | AA18: =+AA17+1 -> 111 | AB18: 207 | AC18: 160 | AE18: 209 | AF18: 213.3
A19: 14 | B19: 182.6 | C19: 63 | D19: 207.8 | E19: =+E18+1 -> 112 | F19: 202.3 | G19: 161 | H19: 198.8 | I19: 210 | J19: 210.2 | L19: 14 | N19: 63 | O19: 207.8 | P19: =+P18+1 -> 112 | R19: 161 | S19: 198.8 | T19: 210 | W19: 14 | X19: 182.6 | Y19: 63 | AA19: =+AA18+1 -> 112 | AB19: 202.3 | AC19: 161 | AE19: 210 | AF19: 210.2
... A29: 24 | B29: 207.3 | C29: 73 | D29: 210.7 | E29: =+E28+1 -> 122 | F29: 191.2 | G29: 171 | H29: 201.5 | I29: 220 | J29: 205.7 | L29: 24 | N29: 73 | O29: 210.7 | P29: =+P28+1 -> 122 | R29: 171 | S29: 201.5 | T29: 220 | W29: 24 | X29: 207.3 | Y29: 73 | AA29: =+AA28+1 -> 122 | AB29: 191.2 | AC29: 171 | AE29: 220 | AF29: 205.7
A30: 25 | B30: 173.1 | C30: 74 | D30: 201.4 | E30: =+E29+1 -> 123 | F30: 205.9 | G30: 172 | H30: 209.4 | L30: 25 | N30: 74 | O30: 201.4 | P30: =+P29+1 -> 123 | R30: 172 | S30: 209.4 | W30: 25 | X30: 173.1 | Y30: 74 | AA30: =+AA29+1 -> 123 | AB30: 205.9 | AC30: 172
A31: 26 | B31: 207.5 | C31: 75 | D31: 199.2 | E31: =+E30+1 -> 124 | F31: 201.7 | G31: 173 | H31: 203.4 | L31: 26 | N31: 75 | O31: 199.2 | P31: =+P30+1 -> 124 | R31: 173 | S31: 203.4 | W31: 26 | X31: 207.5 | Y31: 75 | AA31: =+AA30+1 -> 124 | AB31: 201.7 | AC31: 173
A32: 27 | B32: 203.9 | C32: 76 | D32: 204.4 | E32: =+E31+1 -> 125 | F32: 199.9 | G32: 174 | H32: 197.8 | L32: 27 | N32: 76 | O32: 204.4 | P32: =+P31+1 -> 125 | R32: 174 | S32: 197.8 | W32: 27 | X32: 203.9 | Y32: 76 | AA32: =+AA31+1 -> 125 | AB32: 199.9 | AC32: 174
A33: 28 | B33: 181.9 | C33: 77 | D33: 198.5 | E33: =+E32+1 -> 126 | F33: 203.3 | G33: 175 | H33: 202.7 | L33: 28 | N33: 77 | O33: 198.5 | P33: =+P32+1 -> 126 | R33: 175 | S33: 202.7 | W33: 28 | X33: 181.9 | Y33: 77 | AA33: =+AA32+1 -> 126 | AB33: 203.3 | AC33: 175
A34: 29 | B34: 197.2 | C34: 78 | D34: 202.3 | E34: =+E33+1 -> 127 | F34: 207.5 | G34: 176 | H34: 206.7 | L34: 29 | N34: 78 | O34: 202.3 | P34: =+P33+1 -> 127 | R34: 176 | S34: 206.7 | W34: 29 | X34: 197.2 | Y34: 78 | AA34: =+AA33+1 -> 127 | AB34: 207.5 | AC34: 176
A35: 30 | B35: 197.2 | C35: 79 | D35: 205.1 | E35: =+E34+1 -> 128 | F35: 202.2 | G35: 177 | H35: 209.5 | L35: 30 | N35: 79 | O35: 205.1 | P35: =+P34+1 -> 128 | R35: 177 | S35: 209.5 | W35: 30 | X35: 197.2 | Y35: 79 | AA35: =+AA34+1 -> 128 | AB35: 202.2 | AC35: 177
A36: 31 | B36: 201.7 | C36: 80 | D36: 207.5 | E36: =+E35+1 -> 129 | F36: 206.5 | G36: 178 | H36: 203.8 | L36: 31 | M36: 201.7 | N36: 80 | O36: 207.5 | P36: =+P35+1 -> 129 | R36: 178 | S36: 203.8 | W36: 31 | Y36: 80 | AA36: =+AA35+1 -> 129 | AB36: 206.5 | AC36: 178
A37: 32 | B37: 195.5 | C37: 81 | D37: 206.4 | E37: =+E36+1 -> 130 | F37: 209.5 | G37: 179 | H37: 210.8 | L37: 32 | M37: 195.5 | N37: 81 | O37: 206.4 | P37: =+P36+1 -> 130 | R37: 179 | S37: 210.8 | W37: 32 | Y37: 81 | AA37: =+AA36+1 -> 130 | AB37: 209.5 | AC37: 179
A38: 33 | B38: 200.9 | C38: 82 | D38: 199.9 | E38: =+E37+1 -> 131 | F38: 210.3 | G38: 180 | H38: 209.4 | L38: 33 | M38: 200.9 | N38: 82 | O38: 199.9 | P38: =+P37+1 -> 131 | R38: 180 | S38: 209.4 | W38: 33 | Y38: 82 | AA38: =+AA37+1 -> 131 | AB38: 210.3 | AC38: 180
A39: 34 | B39: 203.9 | C39: 83 | D39: 206.1 | E39: =+E38+1 -> 132 | F39: 202.5 | G39: 181 | H39: 214.2 | L39: 34 | M39: 203.9 | N39: 83 | O39: 206.1 | P39: =+P38+1 -> 132 | R39: 181 | S39: 214.2 | W39: 34 | Y39: 83 | AA39: =+AA38+1 -> 132 | AB39: 202.5 | AC39: 181
A40: 35 | B40: 193.1 | C40: 84 | D40: 200.8 | E40: =+E39+1 -> 133 | F40: 207.1 | G40: 182 | H40: 210.8 | L40: 35 | M40: 193.1 | N40: 84 | O40: 200.8 | P40: =+P39+1 -> 133 | R40: 182 | S40: 210.8 | W40: 35 | Y40: 84 | AA40: =+AA39+1 -> 133 | AB40: 207.1 | AC40: 182
A41: 36 | B41: 196.5 | C41: 85 | D41: 211.9 | E41: =+E40+1 -> 134 | F41: 202.7 | G41: 183 | H41: 208.5 | L41: 36 | M41: 196.5 | N41: 85 | O41: 211.9 | P41: =+P40+1 -> 134 | R41: 183 | S41: 208.5 | W41: 36 | Y41: 85 | AA41: =+AA40+1 -> 134 | AB41: 202.7 | AC41: 183
A42: 37 | B42: 197 | C42: 86 | D42: 206.9 | E42: =+E41+1 -> 135 | F42: 201.5 | G42: 184 | H42: 205.4 | L42: 37 | M42: 197 | N42: 86 | O42: 206.9 | P42: =+P41+1 -> 135 | R42: 184 | S42: 205.4 | W42: 37 | Y42: 86 | AA42: =+AA41+1 -> 135 | AB42: 201.5 | AC42: 184
A43: 38 | B43: 193.4 | C43: 87 | D43: 202.8 | E43: =+E42+1 -> 136 | F43: 207 | G43: 185 | H43: 206.2 | L43: 38 | M43: 193.4 | N43: 87 | O43: 202.8 | P43: =+P42+1 -> 136 | R43: 185 | S43: 206.2 | W43: 38 | Y43: 87 | AA43: =+AA42+1 -> 136 | AB43: 207 | AC43: 185
A44: 39 | B44: 194.5 | C44: 88 | D44: 207.9 | E44: =+E43+1 -> 137 | F44: 200 | G44: 186 | H44: 208.2 | L44: 39 | M44: 194.5 | N44: 88 | O44: 207.9 | P44: =+P43+1 -> 137 | R44: 186 | S44: 208.2 | W44: 39 | Y44: 88 | AA44: =+AA43+1 -> 137 | AB44: 200 | AC44: 186
A45: 40 | B45: 198.9 | C45: 89 | D45: 200.9 | E45: =+E44+1 -> 138 | F45: 203.5 | G45: 187 | H45: 211.8 | L45: 40 | M45: 198.9 | N45: 89 | O45: 200.9 | P45: =+P44+1 -> 138 | Q45: 203.5 | R45: 187 | S45: 211.8 | W45: 40 | Y45: 89 | AA45: =+AA44+1 -> 138 | AC45: 187
A46: 41 | B46: 191.7 | C46: 90 | D46: 198.3 | E46: =+E45+1 -> 139 | F46: 202.9 | G46: 188 | H46: 206.7 | L46: 41 | M46: 191.7 | N46: 90 | O46: 198.3 | P46: =+P45+1 -> 139 | Q46: 202.9 | R46: 188 | S46: 206.7 | W46: 41 | Y46: 90 | AA46: =+AA45+1 -> 139 | AC46: 188
A47: 42 | B47: 192.1 | C47: 91 | D47: 202.5 | E47: =+E46+1 -> 140 | F47: 197.2 | G47: 189 | H47: 210.1 | L47: 42 | M47: 192.1 | N47: 91 | O47: 202.5 | P47: =+P46+1 -> 140 | Q47: 197.2 | R47: 189 | S47: 210.1 | W47: 42 | Y47: 91 | AA47: =+AA46+1 -> 140 | AC47: 189
A48: 43 | B48: 198.3 | C48: 92 | D48: 205.5 | E48: =+E47+1 -> 141 | F48: 160.2 | G48: 190 | H48: 208.6 | L48: 43 | M48: 198.3 | N48: 92 | O48: 205.5 | P48: =+P47+1 -> 141 | Q48: 160.2 | R48: 190 | S48: 208.6 | W48: 43 | Y48: 92 | AA48: =+AA47+1 -> 141 | AC48: 190
A49: 44 | B49: 207.2 | C49: 93 | D49: 202.8 | E49: =+E48+1 -> 142 | F49: 200.2 | G49: 191 | H49: 218.1 | L49: 44 | M49: 207.2 | N49: 93 | O49: 202.8 | P49: =+P48+1 -> 142 | Q49: 200.2 | R49: 191 | W49: 44 | Y49: 93 | AA49: =+AA48+1 -> 142 | AC49: 191 | AD49: 218.1
A50: 45 | B50: 200.5 | C50: 94 | D50: 207.1 | E50: =+E49+1 -> 143 | F50: 199.7 | G50: 192 | H50: 214.7 | L50: 45 | M50: 200.5 | N50: 94 | O50: 207.1 | P50: =+P49+1 -> 143 | Q50: 199.7 | R50: 192 | W50: 45 | Y50: 94 | AA50: =+AA49+1 -> 143 | AC50: 192 | AD50: 214.7
A51: 46 | B51: 197 | C51: 95 | D51: 203.3 | E51: =+E50+1 -> 144 | F51: 210.5 | G51: 193 | H51: 206.7 | L51: 46 | M51: 197 | N51: 95 | O51: 203.3 | P51: =+P50+1 -> 144 | Q51: 210.5 | R51: 193 | W51: 46 | Y51: 95 | AA51: =+AA50+1 -> 144 | AC51: 193 | AD51: 206.7
A52: 47 | B52: 199.2 | C52: 96 | D52: 208.1 | E52: =+E51+1 -> 145 | F52: 210.1 | G52: 194 | H52: 215.9 | L52: 47 | M52: 199.2 | N52: 96 | O52: 208.1 | P52: =+P51+1 -> 145 | Q52: 210.1 | R52: 194 | W52: 47 | Y52: 96 | AA52: =+AA51+1 -> 145 | AC52: 194 | AD52: 215.9
A53: 48 | B53: 202.9 | C53: 97 | D53: 202 | E53: =+E52+1 -> 146 | F53: 207.7 | G53: 195 | H53: 215.9 | L53: 48 | M53: 202.9 | N53: 97 | O53: 202 | P53: =+P52+1 -> 146 | Q53: 207.7 | R53: 195 | W53: 48 | Y53: 97 | AA53: =+AA52+1 -> 146 | AC53: 195 | AD53: 215.9
A54: 49 | B54: 204.1 | C54: 98 | D54: 206.1 | E54: =+E53+1 -> 147 | F54: 202.5 | G54: 196 | H54: 217.2 | L54: 49 | M54: 204.1 | N54: 98 | O54: 206.1 | P54: =+P53+1 -> 147 | Q54: 202.5 | R54: 196 | W54: 49 | Y54: 98 | AA54: =+AA53+1 -> 147 | AC54: 196 | AD54: 217.2
B55: =SUM(B6:B54) -> 9635.1 | D55: =SUM(D6:D54) -> 9979 | F55: =SUM(F6:F54) -> 9882.1 | H55: =SUM(H6:H54) -> 10123.9 | J55: =SUM(J6:J54) -> 5022.5 | M55: =SUM(M6:M54) -> 3768.4 | O55: =SUM(O6:O54) -> 9979 | Q55: =SUM(Q6:Q54) -> 1994.5 | S55: =SUM(S6:S54) -> 8835.4 | U55: =SUM(U6:U54) -> 0 | X55: =SUM(X6:X54) -> 5866.7 | Z55: =SUM(Z6:Z54) -> 0 | AB55: =SUM(AB6:AB54) -> 7887.6 | AD55: =SUM(AD6:AD54) -> 1288.5 | AF55: =SUM(AF6:AF54) -> 5022.5
A56: Итого кип | B56: =COUNT(B6:B54,D6:D54,F6:F54,H6:H54,J6:J54) -> 220 | C56: Масса брутто | E56: =B55+D55+F55+H55+J55 -> 44642.6 | F56: Тары | G56: =B56*2.2 -> 484 | H56: Масса нетто | J56: =E56-G56 -> 44158.6 | L56: Итого кип | M56: =COUNT(M6:M54,O6:O54,Q6:Q54,S6:S54,U6:U54) -> 121 | N56: Масса брутто | P56: =M55+O55+Q55+S55+U55 -> 24577.3 | Q56: Тары | R56: =M56*2.2 -> 266.2 | S56: Масса нетто | U56: =P56-R56 -> 24311.1 | W56: Итого кип | X56: =COUNT(X6:X54,Z6:Z54,AB6:AB54,AD6:AD54,AF6:AF54) -> 99 | Y56: Масса брутто | AA56: =X55+Z55+AB55+AD55+AF55 -> 20065.3 | AB56: Тары | AC56: =X56*2.2 -> 217.8 | AD56: Масса нетто | AF56: =AA56-AC56 -> 19847.5
A57: Лаборант: | L57: Лаборант: | W57: Лаборант:
B58: =M56+X56 -> 220 | E58: =P56+AA56 -> 44642.6 | J58: =U56+AF56 -> 44158.6
F59: Тара | G59: 2.2 | Q59: Тара | R59: 2.2 | AB59: Тара | AC59: 2.2

Sheet 231
A1: Акт покипного отвеса | L1: Акт покипного отвеса
A2: Лаборатория: хлопзавод при ООО "Navbahor Tekstil" | L2: Лаборатория: хлопзавод при ООО "Navbahor Tekstil"
A3: Марка № | B3: 231 | I3: Корхона олди | L3: Марка № | M3: 231 | T3: Корхона олди
I4: Жами | T4: 1 урта
A5: № | B5: Масса | C5: № | D5: Масса | E5: № | F5: Масса | G5: № | H5: Масса | I5: № | J5: Масса | L5: № | M5: Масса | N5: № | O5: Масса | P5: № | Q5: Масса | R5: № | S5: Масса | T5: № | U5: Масса
A6: 1 | B6: 197.1 | C6: 50 | D6: 204.7 | E6: 99 | F6: 210 | G6: 148 | H6: 187.5 | I6: 197 | J6: 206.5 | L6: 1 | M6: 197.1 | N6: 50 | O6: 204.7 | P6: 99 | Q6: 210 | R6: 148 | S6: 187.5 | T6: 197 | U6: 206.5
A7: 2 | B7: 213.9 | C7: 51 | D7: 210.6 | E7: 100 | F7: 185 | G7: 149 | H7: 206.1 | I7: 198 | J7: 170 | L7: 2 | M7: 213.9 | N7: 51 | O7: 210.6 | P7: 100 | Q7: 185 | R7: 149 | S7: 206.1 | T7: 198 | U7: 170
A8: 3 | B8: 210.1 | C8: 52 | D8: 207.6 | E8: =+E7+1 -> 101 | F8: 210.3 | G8: 150 | H8: 172.8 | I8: 199 | J8: 211.4 | L8: 3 | M8: 210.1 | N8: 52 | O8: 207.6 | P8: =+P7+1 -> 101 | Q8: 210.3 | R8: 150 | S8: 172.8 | T8: 199 | U8: 211.4
A9: 4 | B9: 181.7 | C9: 53 | D9: 210.5 | E9: =+E8+1 -> 102 | F9: 213.3 | G9: 151 | H9: 202.6 | I9: 200 | J9: 201.9 | L9: 4 | M9: 181.7 | N9: 53 | O9: 210.5 | P9: =+P8+1 -> 102 | Q9: 213.3 | R9: 151 | S9: 202.6 | T9: 200 | U9: 201.9
A10: 5 | B10: 206.8 | C10: 54 | D10: 208.7 | E10: =+E9+1 -> 103 | F10: 168.3 | G10: 152 | H10: 211.7 | I10: 201 | J10: 179.7 | L10: 5 | M10: 206.8 | N10: 54 | O10: 208.7 | P10: =+P9+1 -> 103 | Q10: 168.3 | R10: 152 | S10: 211.7 | T10: 201 | U10: 179.7
A11: 6 | B11: 202.8 | C11: 55 | D11: 194.9 | E11: =+E10+1 -> 104 | F11: 217.4 | G11: 153 | H11: 180.4 | I11: 202 | J11: 203.6 | L11: 6 | M11: 202.8 | N11: 55 | O11: 194.9 | P11: =+P10+1 -> 104 | Q11: 217.4 | R11: 153 | S11: 180.4 | T11: 202 | U11: 203.6
A12: 7 | B12: 190 | C12: 56 | D12: 210.9 | E12: =+E11+1 -> 105 | F12: 189.7 | G12: 154 | H12: 206.6 | I12: 203 | J12: 203.1 | L12: 7 | M12: 190 | N12: 56 | O12: 210.9 | P12: =+P11+1 -> 105 | Q12: 189.7 | R12: 154 | S12: 206.6 | T12: 203 | U12: 203.1
A13: 8 | B13: 208 | C13: 57 | D13: 196.3 | E13: =+E12+1 -> 106 | F13: 212.5 | G13: 155 | H13: 173 | I13: 204 | J13: 201.2 | L13: 8 | M13: 208 | N13: 57 | O13: 196.3 | P13: =+P12+1 -> 106 | Q13: 212.5 | R13: 155 | S13: 173 | T13: 204 | U13: 201.2
A14: 9 | B14: 212.4 | C14: 58 | D14: 211.5 | E14: =+E13+1 -> 107 | F14: 210.1 | G14: 156 | H14: 205.6 | I14: 205 | J14: 170 | L14: 9 | M14: 212.4 | N14: 58 | O14: 211.5 | P14: =+P13+1 -> 107 | Q14: 210.1 | R14: 156 | S14: 205.6 | T14: 205 | U14: 170
A15: 10 | B15: 211.8 | C15: 59 | D15: 166.1 | E15: =+E14+1 -> 108 | F15: 171.1 | G15: 157 | H15: 208.9 | I15: 206 | J15: 204.2 | L15: 10 | M15: 211.8 | N15: 59 | O15: 166.1 | P15: =+P14+1 -> 108 | Q15: 171.1 | R15: 157 | S15: 208.9 | T15: 206 | U15: 204.2
A16: 11 | B16: 179.1 | C16: 60 | D16: 208 | E16: =+E15+1 -> 109 | F16: 208.1 | G16: 158 | H16: 211.4 | I16: 207 | J16: 169 | L16: 11 | M16: 179.1 | N16: 60 | O16: 208 | P16: =+P15+1 -> 109 | Q16: 208.1 | R16: 158 | S16: 211.4 | T16: 207 | U16: 169
A17: 12 | B17: 209.7 | C17: 61 | D17: 186 | E17: =+E16+1 -> 110 | F17: 199 | G17: 159 | H17: 212.2 | I17: 208 | J17: 199.3 | L17: 12 | M17: 209.7 | N17: 61 | O17: 186 | P17: =+P16+1 -> 110 | Q17: 199 | R17: 159 | S17: 212.2 | T17: 208 | U17: 199.3
A18: 13 | B18: 213.9 | C18: 62 | D18: 207.9 | E18: =+E17+1 -> 111 | F18: 207.1 | G18: 160 | H18: 186.5 | I18: 209 | J18: 199.8 | L18: 13 | M18: 213.9 | N18: 62 | O18: 207.9 | P18: =+P17+1 -> 111 | Q18: 207.1 | R18: 160 | S18: 186.5 | T18: 209 | U18: 199.8
A19: 14 | B19: 185.1 | C19: 63 | D19: 182.8 | E19: =+E18+1 -> 112 | F19: 176.4 | G19: 161 | H19: 213.6 | I19: 210 | J19: 178.7 | L19: 14 | M19: 185.1 | N19: 63 | O19: 182.8 | P19: =+P18+1 -> 112 | Q19: 176.4 | R19: 161 | S19: 213.6 | T19: 210 | U19: 178.7
... A29: 24 | B29: 205.53 | C29: 73 | D29: 212.8 | E29: =+E28+1 -> 122 | F29: 184.6 | G29: 171 | H29: 197 | I29: 220 | J29: 204.7 | L29: 24 | M29: 205.53 | N29: 73 | O29: 212.8 | P29: =+P28+1 -> 122 | Q29: 184.6 | R29: 171 | S29: 197 | T29: 220 | U29: 204.7
A30: 25 | B30: 211.7 | C30: 74 | D30: 212 | E30: =+E29+1 -> 123 | F30: 207.3 | G30: 172 | H30: 206.4 | L30: 25 | M30: 211.7 | N30: 74 | O30: 212 | P30: =+P29+1 -> 123 | Q30: 207.3 | R30: 172 | S30: 206.4
A31: 26 | B31: 214.6 | C31: 75 | D31: 177.3 | E31: =+E30+1 -> 124 | F31: 206.5 | G31: 173 | H31: 183.6 | L31: 26 | M31: 214.6 | N31: 75 | O31: 177.3 | P31: =+P30+1 -> 124 | Q31: 206.5 | R31: 173 | S31: 183.6
A32: 27 | B32: 214.7 | C32: 76 | D32: 212.1 | E32: =+E31+1 -> 125 | F32: 169.1 | G32: 174 | H32: 203.7 | L32: 27 | M32: 214.7 | N32: 76 | O32: 212.1 | P32: =+P31+1 -> 125 | Q32: 169.1 | R32: 174 | S32: 203.7
A33: 28 | B33: 212.8 | C33: 77 | D33: 211 | E33: =+E32+1 -> 126 | F33: 209.6 | G33: 175 | H33: 212.2 | L33: 28 | M33: 212.8 | N33: 77 | O33: 211 | P33: =+P32+1 -> 126 | Q33: 209.6 | R33: 175 | S33: 212.2
A34: 29 | B34: 209.8 | C34: 78 | D34: 207.5 | E34: =+E33+1 -> 127 | F34: 194.9 | G34: 176 | H34: 208.4 | L34: 29 | M34: 209.8 | N34: 78 | O34: 207.5 | P34: =+P33+1 -> 127 | Q34: 194.9 | R34: 176 | S34: 208.4
A35: 30 | B35: 189.4 | C35: 79 | D35: 206.6 | E35: =+E34+1 -> 128 | F35: 212.3 | G35: 177 | H35: 174.1 | L35: 30 | M35: 189.4 | N35: 79 | O35: 206.6 | P35: =+P34+1 -> 128 | Q35: 212.3 | R35: 177 | S35: 174.1
A36: 31 | B36: 207.5 | C36: 80 | D36: 180.6 | E36: =+E35+1 -> 129 | F36: 203.9 | G36: 178 | H36: 215.2 | L36: 31 | M36: 207.5 | N36: 80 | O36: 180.6 | P36: =+P35+1 -> 129 | Q36: 203.9 | R36: 178 | S36: 215.2
A37: 32 | B37: 196 | C37: 81 | D37: 207.9 | E37: =+E36+1 -> 130 | F37: 181.8 | G37: 179 | H37: 211.1 | L37: 32 | M37: 196 | N37: 81 | O37: 207.9 | P37: =+P36+1 -> 130 | Q37: 181.8 | R37: 179 | S37: 211.1
A38: 33 | B38: 209.8 | C38: 82 | D38: 183.4 | E38: =+E37+1 -> 131 | F38: 209.6 | G38: 180 | H38: 183.7 | L38: 33 | M38: 209.8 | N38: 82 | O38: 183.4 | P38: =+P37+1 -> 131 | Q38: 209.6 | R38: 180 | S38: 183.7
A39: 34 | B39: 160 | C39: 83 | D39: 208.4 | E39: =+E38+1 -> 132 | F39: 206 | G39: 181 | H39: 202.9 | L39: 34 | M39: 160 | N39: 83 | O39: 208.4 | P39: =+P38+1 -> 132 | Q39: 206 | R39: 181 | S39: 202.9
A40: 35 | B40: 209 | C40: 84 | D40: 212.7 | E40: =+E39+1 -> 133 | F40: 186.1 | G40: 182 | H40: 182.6 | L40: 35 | M40: 209 | N40: 84 | O40: 212.7 | P40: =+P39+1 -> 133 | Q40: 186.1 | R40: 182 | S40: 182.6
A41: 36 | B41: 197.6 | C41: 85 | D41: 186.9 | E41: =+E40+1 -> 134 | F41: 215.3 | G41: 183 | H41: 207 | L41: 36 | M41: 197.6 | N41: 85 | O41: 186.9 | P41: =+P40+1 -> 134 | Q41: 215.3 | R41: 183 | S41: 207
... A54: 49 | B54: 209.3 | C54: 98 | D54: 213.1 | E54: =+E53+1 -> 147 | F54: 199.9 | G54: 196 | H54: 204.8 | L54: 49 | M54: 209.3 | N54: 98 | O54: 213.1 | P54: =+P53+1 -> 147 | Q54: 199.9 | R54: 196 | S54: 204.8
B55: =SUM(B6:B54) -> 9905.73 | D55: =SUM(D6:D54) -> 9909 | F55: =SUM(F6:F54) -> 9713.1 | H55: =SUM(H6:H54) -> 9671.3 | J55: =SUM(J6:J54) -> 4663.5 | M55: =SUM(M6:M54) -> 9905.73 | O55: =SUM(O6:O54) -> 9909 | Q55: =SUM(Q6:Q54) -> 9713.1 | S55: =SUM(S6:S54) -> 9671.3 | U55: =SUM(U6:U54) -> 4663.5
A56: Итого кип | B56: =COUNT(B6:B54,D6:D54,F6:F54,H6:H54,J6:J54) -> 220 | C56: Масса брутто | E56: =B55+D55+F55+H55+J55 -> 43862.63 | F56: Тары | G56: =B56*2.2 -> 484 | H56: Масса нетто | J56: =E56-G56 -> 43378.63 | L56: Итого кип | M56: =COUNT(M6:M54,O6:O54,Q6:Q54,S6:S54,U6:U54) -> 220 | N56: Масса брутто | P56: =M55+O55+Q55+S55+U55 -> 43862.63 | Q56: Тары | R56: =M56*2.2 -> 484 | S56: Масса нетто | U56: =P56-R56 -> 43378.63
A57: Лаборант: | L57: Лаборант:
F59: Тара | G59: 2.2 | Q59: Тара | R59: 2.2

Sheet 230
A1: Акт покипного отвеса | L1: Акт покипного отвеса | W1: Акт покипного отвеса | AH1: Акт покипного отвеса
A2: Лаборатория: хлопзавод при ООО "Navbahor Tekstil" | L2: Лаборатория: хлопзавод при ООО "Navbahor Tekstil" | W2: Лаборатория: хлопзавод при ООО "Navbahor Tekstil" | AH2: Лаборатория: хлопзавод при ООО "Navbahor Tekstil"
A3: Марка № | B3: 230 | I3: Корхона олди | L3: Марка № | M3: 230 | T3: Корхона олди | W3: Марка № | X3: 230 | AE3: Корхона олди | AH3: Марка № | AI3: 230 | AP3: Корхона олди
I4: Жами | T4: 1 яхши | AE4: 1 урта | AP4: 1 оддий
A5: № | B5: Масса | C5: № | D5: Масса | E5: № | F5: Масса | G5: № | H5: Масса | I5: № | J5: Масса | L5: № | M5: Масса | N5: № | O5: Масса | P5: № | Q5: Масса | R5: № | S5: Масса | T5: № | U5: Масса | W5: № | X5: Масса | Y5: № | Z5: Масса | AA5: № | AB5: Масса | AC5: № | AD5: Масса | AE5: № | AF5: Масса | AH5: № | AI5: Масса | AJ5: № | AK5: Масса | AL5: № | AM5: Масса | AN5: № | AO5: Масса | AP5: № | AQ5: Масса
A6: 1 | B6: 216.8 | C6: 50 | D6: 199 | E6: 99 | F6: 211.4 | G6: 148 | H6: 206.7 | I6: 197 | J6: 202.4 | L6: 1 | N6: 50 | P6: 99 | Q6: 211.4 | R6: 148 | T6: 197 | W6: 1 | Y6: 50 | Z6: 199 | AA6: 99 | AC6: 148 | AD6: 206.7 | AE6: 197 | AF6: 202.4 | AH6: 1 | AI6: 216.8 | AJ6: 50 | AL6: 99 | AN6: 148 | AP6: 197
A7: 2 | B7: 211.8 | C7: 51 | D7: 209.8 | E7: 100 | F7: 204.2 | G7: 149 | H7: 206.3 | I7: 198 | J7: 207.3 | L7: 2 | N7: 51 | O7: 209.8 | P7: 100 | Q7: 204.2 | R7: 149 | T7: 198 | W7: 2 | Y7: 51 | AA7: 100 | AC7: 149 | AD7: 206.3 | AE7: 198 | AF7: 207.3 | AH7: 2 | AI7: 211.8 | AJ7: 51 | AL7: 100 | AN7: 149 | AP7: 198
A8: 3 | B8: 214.6 | C8: 52 | D8: 202.1 | E8: =+E7+1 -> 101 | F8: 206.7 | G8: 150 | H8: 206 | I8: 199 | J8: 209.8 | L8: 3 | N8: 52 | O8: 202.1 | P8: =+P7+1 -> 101 | Q8: 206.7 | R8: 150 | T8: 199 | W8: 3 | Y8: 52 | AA8: =+AA7+1 -> 101 | AC8: 150 | AD8: 206 | AE8: 199 | AF8: 209.8 | AH8: 3 | AI8: 214.6 | AJ8: 52 | AL8: =+AL7+1 -> 101 | AN8: 150 | AP8: 199
A9: 4 | B9: 210 | C9: 53 | D9: 191.1 | E9: =+E8+1 -> 102 | F9: 215.8 | G9: 151 | H9: 171.3 | I9: 200 | J9: 177 | L9: 4 | N9: 53 | O9: 191.1 | P9: =+P8+1 -> 102 | Q9: 215.8 | R9: 151 | T9: 200 | W9: 4 | Y9: 53 | AA9: =+AA8+1 -> 102 | AC9: 151 | AD9: 171.3 | AE9: 200 | AF9: 177 | AH9: 4 | AI9: 210 | AJ9: 53 | AL9: =+AL8+1 -> 102 | AN9: 151 | AP9: 200
A10: 5 | B10: 215.1 | C10: 54 | D10: 193.8 | E10: =+E9+1 -> 103 | F10: 210.7 | G10: 152 | H10: 209.9 | I10: 201 | J10: 207.9 | L10: 5 | N10: 54 | O10: 193.8 | P10: =+P9+1 -> 103 | Q10: 210.7 | R10: 152 | T10: 201 | W10: 5 | Y10: 54 | AA10: =+AA9+1 -> 103 | AC10: 152 | AD10: 209.9 | AE10: 201 | AF10: 207.9 | AH10: 5 | AI10: 215.1 | AJ10: 54 | AL10: =+AL9+1 -> 103 | AN10: 152 | AP10: 201
A11: 6 | B11: 210.1 | C11: 55 | D11: 208.4 | E11: =+E10+1 -> 104 | F11: 209.2 | G11: 153 | H11: 211.2 | I11: 202 | J11: 211.1 | L11: 6 | N11: 55 | O11: 208.4 | P11: =+P10+1 -> 104 | Q11: 209.2 | R11: 153 | T11: 202 | W11: 6 | Y11: 55 | AA11: =+AA10+1 -> 104 | AC11: 153 | AD11: 211.2 | AE11: 202 | AF11: 211.1 | AH11: 6 | AI11: 210.1 | AJ11: 55 | AL11: =+AL10+1 -> 104 | AN11: 153 | AP11: 202
A12: 7 | B12: 202.9 | C12: 56 | D12: 205.9 | E12: =+E11+1 -> 105 | F12: 212.2 | G12: 154 | H12: 182.5 | I12: 203 | J12: 177.3 | L12: 7 | N12: 56 | O12: 205.9 | P12: =+P11+1 -> 105 | Q12: 212.2 | R12: 154 | T12: 203 | W12: 7 | Y12: 56 | AA12: =+AA11+1 -> 105 | AC12: 154 | AD12: 182.5 | AE12: 203 | AF12: 177.3 | AH12: 7 | AI12: 202.9 | AJ12: 56 | AL12: =+AL11+1 -> 105 | AN12: 154 | AP12: 203
A13: 8 | B13: 209.3 | C13: 57 | D13: 199 | E13: =+E12+1 -> 106 | F13: 212.2 | G13: 155 | H13: 203.1 | I13: 204 | J13: 208.5 | L13: 8 | N13: 57 | O13: 199 | P13: =+P12+1 -> 106 | Q13: 212.2 | R13: 155 | T13: 204 | W13: 8 | Y13: 57 | AA13: =+AA12+1 -> 106 | AC13: 155 | AD13: 203.1 | AE13: 204 | AF13: 208.5 | AH13: 8 | AI13: 209.3 | AJ13: 57 | AL13: =+AL12+1 -> 106 | AN13: 155 | AP13: 204
A14: 9 | B14: 208.2 | C14: 58 | D14: 201.5 | E14: =+E13+1 -> 107 | F14: 212.5 | G14: 156 | H14: 204.3 | I14: 205 | J14: 212.1 | L14: 9 | N14: 58 | O14: 201.5 | P14: =+P13+1 -> 107 | Q14: 212.5 | R14: 156 | T14: 205 | W14: 9 | Y14: 58 | AA14: =+AA13+1 -> 107 | AC14: 156 | AD14: 204.3 | AE14: 205 | AF14: 212.1 | AH14: 9 | AI14: 208.2 | AJ14: 58 | AL14: =+AL13+1 -> 107 | AN14: 156 | AP14: 205
A15: 10 | B15: 216.6 | C15: 59 | D15: 204.6 | E15: =+E14+1 -> 108 | F15: 211.5 | G15: 157 | H15: 209.3 | I15: 206 | J15: 205.3 | L15: 10 | N15: 59 | O15: 204.6 | P15: =+P14+1 -> 108 | Q15: 211.5 | R15: 157 | T15: 206 | W15: 10 | Y15: 59 | AA15: =+AA14+1 -> 108 | AC15: 157 | AD15: 209.3 | AE15: 206 | AF15: 205.3 | AH15: 10 | AI15: 216.6 | AJ15: 59 | AL15: =+AL14+1 -> 108 | AN15: 157 | AP15: 206
A16: 11 | B16: 217.8 | C16: 60 | D16: 209.6 | E16: =+E15+1 -> 109 | F16: 205.6 | G16: 158 | H16: 204.5 | I16: 207 | J16: 206.7 | L16: 11 | N16: 60 | O16: 209.6 | P16: =+P15+1 -> 109 | Q16: 205.6 | R16: 158 | T16: 207 | W16: 11 | X16: 217.8 | Y16: 60 | AA16: =+AA15+1 -> 109 | AC16: 158 | AD16: 204.5 | AE16: 207 | AF16: 206.7 | AH16: 11 | AJ16: 60 | AL16: =+AL15+1 -> 109 | AN16: 158 | AP16: 207
A17: 12 | B17: 213.9 | C17: 61 | D17: 200.7 | E17: =+E16+1 -> 110 | F17: 199.8 | G17: 159 | H17: 188.2 | I17: 208 | J17: 204.9 | L17: 12 | N17: 61 | O17: 200.7 | P17: =+P16+1 -> 110 | Q17: 199.8 | R17: 159 | T17: 208 | W17: 12 | X17: 213.9 | Y17: 61 | AA17: =+AA16+1 -> 110 | AC17: 159 | AD17: 188.2 | AE17: 208 | AF17: 204.9 | AH17: 12 | AJ17: 61 | AL17: =+AL16+1 -> 110 | AN17: 159 | AP17: 208
A18: 13 | B18: 210.6 | C18: 62 | D18: 195.9 | E18: =+E17+1 -> 111 | F18: 200 | G18: 160 | H18: 206.6 | I18: 209 | J18: 211 | L18: 13 | N18: 62 | O18: 195.9 | P18: =+P17+1 -> 111 | Q18: 200 | R18: 160 | T18: 209 | W18: 13 | X18: 210.6 | Y18: 62 | AA18: =+AA17+1 -> 111 | AC18: 160 | AD18: 206.6 | AE18: 209 | AF18: 211 | AH18: 13 | AJ18: 62 | AL18: =+AL17+1 -> 111 | AN18: 160 | AP18: 209
A19: 14 | B19: 209.6 | C19: 63 | D19: 199.4 | E19: =+E18+1 -> 112 | F19: 196.3 | G19: 161 | H19: 206 | I19: 210 | J19: 206 | L19: 14 | N19: 63 | O19: 199.4 | P19: =+P18+1 -> 112 | Q19: 196.3 | R19: 161 | T19: 210 | W19: 14 | X19: 209.6 | Y19: 63 | AA19: =+AA18+1 -> 112 | AC19: 161 | AD19: 206 | AE19: 210 | AF19: 206 | AH19: 14 | AJ19: 63 | AL19: =+AL18+1 -> 112 | AN19: 161 | AP19: 210
A20: 15 | B20: 205.9 | C20: 64 | D20: 202.8 | E20: =+E19+1 -> 113 | F20: 209.8 | G20: 162 | H20: 188.6 | I20: 211 | J20: 206.3 | L20: 15 | N20: 64 | O20: 202.8 | P20: =+P19+1 -> 113 | Q20: 209.8 | R20: 162 | T20: 211 | W20: 15 | X20: 205.9 | Y20: 64 | AA20: =+AA19+1 -> 113 | AC20: 162 | AD20: 188.6 | AE20: 211 | AF20: 206.3 | AH20: 15 | AJ20: 64 | AL20: =+AL19+1 -> 113 | AN20: 162 | AP20: 211
A21: 16 | B21: 208.6 | C21: 65 | D21: 196.3 | E21: =+E20+1 -> 114 | F21: 209 | G21: 163 | H21: 208.2 | I21: 212 | J21: 207.6 | L21: 16 | N21: 65 | O21: 196.3 | P21: =+P20+1 -> 114 | Q21: 209 | R21: 163 | T21: 212 | W21: 16 | X21: 208.6 | Y21: 65 | AA21: =+AA20+1 -> 114 | AC21: 163 | AD21: 208.2 | AE21: 212 | AF21: 207.6 | AH21: 16 | AJ21: 65 | AL21: =+AL20+1 -> 114 | AN21: 163 | AP21: 212
A22: 17 | B22: 206.3 | C22: 66 | D22: 194.1 | E22: =+E21+1 -> 115 | F22: 206.8 | G22: 164 | H22: 205.3 | I22: 213 | J22: 171.9 | L22: 17 | N22: 66 | O22: 194.1 | P22: =+P21+1 -> 115 | Q22: 206.8 | R22: 164 | T22: 213 | W22: 17 | X22: 206.3 | Y22: 66 | AA22: =+AA21+1 -> 115 | AC22: 164 | AD22: 205.3 | AE22: 213 | AF22: 171.9 | AH22: 17 | AJ22: 66 | AL22: =+AL21+1 -> 115 | AN22: 164 | AP22: 213
A23: 18 | B23: 213.4 | C23: 67 | D23: 203.8 | E23: =+E22+1 -> 116 | F23: 206 | G23: 165 | H23: 186.6 | I23: 214 | J23: 210.5 | L23: 18 | N23: 67 | O23: 203.8 | P23: =+P22+1 -> 116 | Q23: 206 | R23: 165 | T23: 214 | W23: 18 | X23: 213.4 | Y23: 67 | AA23: =+AA22+1 -> 116 | AC23: 165 | AD23: 186.6 | AE23: 214 | AF23: 210.5 | AH23: 18 | AJ23: 67 | AL23: =+AL22+1 -> 116 | AN23: 165 | AP23: 214
A24: 19 | B24: 214.6 | C24: 68 | D24: 195.6 | E24: =+E23+1 -> 117 | F24: 206.6 | G24: 166 | H24: 205.3 | I24: 215 | J24: 211.8 | L24: 19 | N24: 68 | O24: 195.6 | P24: =+P23+1 -> 117 | Q24: 206.6 | R24: 166 | T24: 215 | W24: 19 | X24: 214.6 | Y24: 68 | AA24: =+AA23+1 -> 117 | AC24: 166 | AD24: 205.3 | AE24: 215 | AF24: 211.8 | AH24: 19 | AJ24: 68 | AL24: =+AL23+1 -> 117 | AN24: 166 | AP24: 215
A25: 20 | B25: 212.8 | C25: 69 | D25: 201.3 | E25: =+E24+1 -> 118 | F25: 204 | G25: 167 | H25: 199.7 | I25: 216 | J25: 210.7 | L25: 20 | N25: 69 | O25: 201.3 | P25: =+P24+1 -> 118 | Q25: 204 | R25: 167 | T25: 216 | W25: 20 | X25: 212.8 | Y25: 69 | AA25: =+AA24+1 -> 118 | AC25: 167 | AD25: 199.7 | AE25: 216 | AF25: 210.7 | AH25: 20 | AJ25: 69 | AL25: =+AL24+1 -> 118 | AN25: 167 | AP25: 216
A26: 21 | B26: 187.3 | C26: 70 | D26: 205.9 | E26: =+E25+1 -> 119 | F26: 214.6 | G26: 168 | H26: 203.5 | I26: 217 | J26: 215.6 | L26: 21 | N26: 70 | O26: 205.9 | P26: =+P25+1 -> 119 | Q26: 214.6 | R26: 168 | T26: 217 | W26: 21 | X26: 187.3 | Y26: 70 | AA26: =+AA25+1 -> 119 | AC26: 168 | AD26: 203.5 | AE26: 217 | AF26: 215.6 | AH26: 21 | AJ26: 70 | AL26: =+AL25+1 -> 119 | AN26: 168 | AP26: 217
A27: 22 | B27: 210.3 | C27: 71 | D27: 206.8 | E27: =+E26+1 -> 120 | F27: 206 | G27: 169 | H27: 206.6 | I27: 218 | J27: 189.5 | L27: 22 | N27: 71 | O27: 206.8 | P27: =+P26+1 -> 120 | Q27: 206 | R27: 169 | T27: 218 | W27: 22 | X27: 210.3 | Y27: 71 | AA27: =+AA26+1 -> 120 | AC27: 169 | AD27: 206.6 | AE27: 218 | AF27: 189.5 | AH27: 22 | AJ27: 71 | AL27: =+AL26+1 -> 120 | AN27: 169 | AP27: 218
... A29: 24 | B29: 202.3 | C29: 73 | D29: 208.1 | E29: =+E28+1 -> 122 | F29: 201.1 | G29: 171 | H29: 207.7 | I29: 220 | J29: 207.1 | L29: 24 | N29: 73 | O29: 208.1 | P29: =+P28+1 -> 122 | Q29: 201.1 | R29: 171 | T29: 220 | W29: 24 | X29: 202.3 | Y29: 73 | AA29: =+AA28+1 -> 122 | AC29: 171 | AD29: 207.7 | AE29: 220 | AF29: 207.1 | AH29: 24 | AJ29: 73 | AL29: =+AL28+1 -> 122 | AN29: 171 | AP29: 220
A30: 25 | B30: 208.8 | C30: 74 | D30: 204.7 | E30: =+E29+1 -> 123 | F30: 207.1 | G30: 172 | H30: 211.6 | L30: 25 | N30: 74 | O30: 204.7 | P30: =+P29+1 -> 123 | Q30: 207.1 | R30: 172 | W30: 25 | X30: 208.8 | Y30: 74 | AA30: =+AA29+1 -> 123 | AC30: 172 | AD30: 211.6 | AH30: 25 | AJ30: 74 | AL30: =+AL29+1 -> 123 | AN30: 172
A31: 26 | B31: 212.3 | C31: 75 | D31: 202.8 | E31: =+E30+1 -> 124 | F31: 208.9 | G31: 173 | H31: 190.4 | L31: 26 | N31: 75 | O31: 202.8 | P31: =+P30+1 -> 124 | Q31: 208.9 | R31: 173 | W31: 26 | X31: 212.3 | Y31: 75 | AA31: =+AA30+1 -> 124 | AC31: 173 | AD31: 190.4 | AH31: 26 | AJ31: 75 | AL31: =+AL30+1 -> 124 | AN31: 173
A32: 27 | B32: 216.3 | C32: 76 | D32: 205.7 | E32: =+E31+1 -> 125 | F32: 206.7 | G32: 174 | H32: 206.9 | L32: 27 | N32: 76 | O32: 205.7 | P32: =+P31+1 -> 125 | Q32: 206.7 | R32: 174 | W32: 27 | X32: 216.3 | Y32: 76 | AA32: =+AA31+1 -> 125 | AC32: 174 | AD32: 206.9 | AH32: 27 | AJ32: 76 | AL32: =+AL31+1 -> 125 | AN32: 174
A33: 28 | B33: 204.2 | C33: 77 | D33: 198 | E33: =+E32+1 -> 126 | F33: 206 | G33: 175 | H33: 192.3 | L33: 28 | N33: 77 | O33: 198 | P33: =+P32+1 -> 126 | Q33: 206 | R33: 175 | W33: 28 | X33: 204.2 | Y33: 77 | AA33: =+AA32+1 -> 126 | AC33: 175 | AD33: 192.3 | AH33: 28 | AJ33: 77 | AL33: =+AL32+1 -> 126 | AN33: 175
A34: 29 | B34: 206.5 | C34: 78 | D34: 200.6 | E34: =+E33+1 -> 127 | F34: 207.9 | G34: 176 | H34: 206.7 | L34: 29 | N34: 78 | O34: 200.6 | P34: =+P33+1 -> 127 | Q34: 207.9 | R34: 176 | W34: 29 | X34: 206.5 | Y34: 78 | AA34: =+AA33+1 -> 127 | AC34: 176 | AD34: 206.7 | AH34: 29 | AJ34: 78 | AL34: =+AL33+1 -> 127 | AN34: 176
A35: 30 | B35: 200.6 | C35: 79 | D35: 201.3 | E35: =+E34+1 -> 128 | F35: 210.9 | G35: 177 | H35: 169.6 | L35: 30 | N35: 79 | O35: 201.3 | P35: =+P34+1 -> 128 | Q35: 210.9 | R35: 177 | W35: 30 | X35: 200.6 | Y35: 79 | AA35: =+AA34+1 -> 128 | AC35: 177 | AD35: 169.6 | AH35: 30 | AJ35: 79 | AL35: =+AL34+1 -> 128 | AN35: 177
A36: 31 | B36: 202.2 | C36: 80 | D36: 196.9 | E36: =+E35+1 -> 129 | F36: 205 | G36: 178 | H36: 205.5 | L36: 31 | N36: 80 | O36: 196.9 | P36: =+P35+1 -> 129 | Q36: 205 | R36: 178 | W36: 31 | X36: 202.2 | Y36: 80 | AA36: =+AA35+1 -> 129 | AC36: 178 | AD36: 205.5 | AH36: 31 | AJ36: 80 | AL36: =+AL35+1 -> 129 | AN36: 178
A37: 32 | B37: 204.1 | C37: 81 | D37: 196.2 | E37: =+E36+1 -> 130 | F37: 203.5 | G37: 179 | H37: 211.9 | L37: 32 | N37: 81 | O37: 196.2 | P37: =+P36+1 -> 130 | Q37: 203.5 | R37: 179 | W37: 32 | X37: 204.1 | Y37: 81 | AA37: =+AA36+1 -> 130 | AC37: 179 | AD37: 211.9 | AH37: 32 | AJ37: 81 | AL37: =+AL36+1 -> 130 | AN37: 179
A38: 33 | B38: 207.2 | C38: 82 | D38: 202.3 | E38: =+E37+1 -> 131 | F38: 209.3 | G38: 180 | H38: 192.2 | L38: 33 | N38: 82 | O38: 202.3 | P38: =+P37+1 -> 131 | Q38: 209.3 | R38: 180 | W38: 33 | X38: 207.2 | Y38: 82 | AA38: =+AA37+1 -> 131 | AC38: 180 | AD38: 192.2 | AH38: 33 | AJ38: 82 | AL38: =+AL37+1 -> 131 | AN38: 180
A39: 34 | B39: 204.9 | C39: 83 | D39: 199.6 | E39: =+E38+1 -> 132 | F39: 205.9 | G39: 181 | H39: 202.6 | L39: 34 | N39: 83 | O39: 199.6 | P39: =+P38+1 -> 132 | Q39: 205.9 | R39: 181 | W39: 34 | X39: 204.9 | Y39: 83 | AA39: =+AA38+1 -> 132 | AC39: 181 | AD39: 202.6 | AH39: 34 | AJ39: 83 | AL39: =+AL38+1 -> 132 | AN39: 181
A40: 35 | B40: 213.1 | C40: 84 | D40: 205.4 | E40: =+E39+1 -> 133 | F40: 207.3 | G40: 182 | H40: 207.1 | L40: 35 | N40: 84 | O40: 205.4 | P40: =+P39+1 -> 133 | Q40: 207.3 | R40: 182 | W40: 35 | X40: 213.1 | Y40: 84 | AA40: =+AA39+1 -> 133 | AC40: 182 | AD40: 207.1 | AH40: 35 | AJ40: 84 | AL40: =+AL39+1 -> 133 | AN40: 182
A41: 36 | B41: 208 | C41: 85 | D41: 206.4 | E41: =+E40+1 -> 134 | F41: 200.6 | G41: 183 | H41: 185.5 | L41: 36 | N41: 85 | O41: 206.4 | P41: =+P40+1 -> 134 | Q41: 200.6 | R41: 183 | W41: 36 | X41: 208 | Y41: 85 | AA41: =+AA40+1 -> 134 | AC41: 183 | AD41: 185.5 | AH41: 36 | AJ41: 85 | AL41: =+AL40+1 -> 134 | AN41: 183
... A47: 42 | B47: 202.4 | C47: 91 | D47: 204.4 | E47: =+E46+1 -> 140 | F47: 210.5 | G47: 189 | H47: 206 | L47: 42 | N47: 91 | O47: 204.4 | P47: =+P46+1 -> 140 | Q47: 210.5 | R47: 189 | W47: 42 | X47: 202.4 | Y47: 91 | AA47: =+AA46+1 -> 140 | AC47: 189 | AD47: 206 | AH47: 42 | AJ47: 91 | AL47: =+AL46+1 -> 140 | AN47: 189
A48: 43 | B48: 197.4 | C48: 92 | D48: 205.7 | E48: =+E47+1 -> 141 | F48: 184.1 | G48: 190 | H48: 199.5 | L48: 43 | N48: 92 | O48: 205.7 | P48: =+P47+1 -> 141 | R48: 190 | W48: 43 | X48: 197.4 | Y48: 92 | AA48: =+AA47+1 -> 141 | AB48: 184.1 | AC48: 190 | AD48: 199.5 | AH48: 43 | AJ48: 92 | AL48: =+AL47+1 -> 141 | AN48: 190
A49: 44 | B49: 204.5 | C49: 93 | D49: 204.2 | E49: =+E48+1 -> 142 | F49: 205.2 | G49: 191 | H49: 188.4 | L49: 44 | N49: 93 | O49: 204.2 | P49: =+P48+1 -> 142 | R49: 191 | W49: 44 | X49: 204.5 | Y49: 93 | AA49: =+AA48+1 -> 142 | AB49: 205.2 | AC49: 191 | AD49: 188.4 | AH49: 44 | AJ49: 93 | AL49: =+AL48+1 -> 142 | AN49: 191
A50: 45 | B50: 201.2 | C50: 94 | D50: 202.3 | E50: =+E49+1 -> 143 | F50: 199 | G50: 192 | H50: 204.5 | L50: 45 | N50: 94 | O50: 202.3 | P50: =+P49+1 -> 143 | R50: 192 | W50: 45 | X50: 201.2 | Y50: 94 | AA50: =+AA49+1 -> 143 | AB50: 199 | AC50: 192 | AD50: 204.5 | AH50: 45 | AJ50: 94 | AL50: =+AL49+1 -> 143 | AN50: 192
A51: 46 | B51: 203.7 | C51: 95 | D51: 203.8 | E51: =+E50+1 -> 144 | F51: 181.6 | G51: 193 | H51: 199.5 | L51: 46 | N51: 95 | O51: 203.8 | P51: =+P50+1 -> 144 | R51: 193 | W51: 46 | X51: 203.7 | Y51: 95 | AA51: =+AA50+1 -> 144 | AB51: 181.6 | AC51: 193 | AD51: 199.5 | AH51: 46 | AJ51: 95 | AL51: =+AL50+1 -> 144 | AN51: 193
A52: 47 | B52: 201.4 | C52: 96 | D52: 211.4 | E52: =+E51+1 -> 145 | F52: 204 | G52: 194 | H52: 207.6 | L52: 47 | N52: 96 | O52: 211.4 | P52: =+P51+1 -> 145 | R52: 194 | W52: 47 | X52: 201.4 | Y52: 96 | AA52: =+AA51+1 -> 145 | AB52: 204 | AC52: 194 | AD52: 207.6 | AH52: 47 | AJ52: 96 | AL52: =+AL51+1 -> 145 | AN52: 194
A53: 48 | B53: 202.6 | C53: 97 | D53: 196.2 | E53: =+E52+1 -> 146 | F53: 211.1 | G53: 195 | H53: 170 | L53: 48 | N53: 97 | O53: 196.2 | P53: =+P52+1 -> 146 | R53: 195 | W53: 48 | X53: 202.6 | Y53: 97 | AA53: =+AA52+1 -> 146 | AB53: 211.1 | AC53: 195 | AD53: 170 | AH53: 48 | AJ53: 97 | AL53: =+AL52+1 -> 146 | AN53: 195
A54: 49 | B54: 200.2 | C54: 98 | D54: 208.3 | E54: =+E53+1 -> 147 | F54: 207.1 | G54: 196 | H54: 208.1 | L54: 49 | N54: 98 | O54: 208.3 | P54: =+P53+1 -> 147 | R54: 196 | W54: 49 | X54: 200.2 | Y54: 98 | AA54: =+AA53+1 -> 147 | AB54: 207.1 | AC54: 196 | AD54: 208.1 | AH54: 49 | AJ54: 98 | AL54: =+AL53+1 -> 147 | AN54: 196
B55: =SUM(B6:B54) -> 10162.2 | D55: =SUM(D6:D54) -> 9930.9 | F55: =SUM(F6:F54) -> 10089.2 | H55: =SUM(H6:H54) -> 9769.6 | J55: =SUM(J6:J54) -> 4885.5 | M55: =SUM(M6:M54) -> 0 | O55: =SUM(O6:O54) -> 9731.9 | Q55: =SUM(Q6:Q54) -> 8697.1 | S55: =SUM(S6:S54) -> 0 | U55: =SUM(U6:U54) -> 0 | X55: =SUM(X6:X54) -> 8046.8 | Z55: =SUM(Z6:Z54) -> 199 | AB55: =SUM(AB6:AB54) -> 1392.1 | AD55: =SUM(AD6:AD54) -> 9769.6 | AF55: =SUM(AF6:AF54) -> 4885.5 | AI55: =SUM(AI6:AI54) -> 2115.4 | AK55: =SUM(AK6:AK54) -> 0 | AM55: =SUM(AM6:AM54) -> 0 | AO55: =SUM(AO6:AO54) -> 0 | AQ55: =SUM(AQ6:AQ54) -> 0
A56: Итого кип | B56: =COUNT(B6:B54,D6:D54,F6:F54,H6:H54,J6:J54) -> 220 | C56: Масса брутто | E56: =B55+D55+F55+H55+J55 -> 44837.4 | F56: Тары | G56: =B56*2.2 -> 484 | H56: Масса нетто | J56: =E56-G56 -> 44353.4 | L56: Итого кип | M56: =COUNT(M6:M54,O6:O54,Q6:Q54,S6:S54,U6:U54) -> 90 | N56: Масса брутто | P56: =M55+O55+Q55+S55+U55 -> 18429 | Q56: Тары | R56: =M56*2.2 -> 198 | S56: Масса нетто | U56: =P56-R56 -> 18231 | W56: Итого кип | X56: =COUNT(X6:X54,Z6:Z54,AB6:AB54,AD6:AD54,AF6:AF54) -> 120 | Y56: Масса брутто | AA56: =X55+Z55+AB55+AD55+AF55 -> 24293 | AB56: Тары | AC56: =X56*2.2 -> 264 | AD56: Масса нетто | AF56: =AA56-AC56 -> 24029 | AH56: Итого кип | AI56: =COUNT(AI6:AI54,AK6:AK54,AM6:AM54,AO6:AO54,AQ6:AQ54) -> 10 | AJ56: Масса брутто | AL56: =AI55+AK55+AM55+AO55+AQ55 -> 2115.4 | AM56: Тары | AN56: =AI56*2.2 -> 22 | AO56: Масса нетто | AQ56: =AL56-AN56 -> 2093.4
A57: Лаборант: | L57: Лаборант: | W57: Лаборант: | AH57: Лаборант:
B58: =M56+X56+AI56 -> 220 | E58: =P56+AA56+AL56 -> 44837.4 | J58: =U56+AF56+AQ56 -> 44353.4
F59: Тара | G59: 2.2 | Q59: Тара | R59: 2.2 | AB59: Тара | AC59: 2.2 | AM59: Тара | AN59: 2.2

Sheet 229
A1: Акт покипного отвеса | L1: Акт покипного отвеса | W1: Акт покипного отвеса | AH1: Акт покипного отвеса
A2: Лаборатория: хлопзавод при ООО "Navbahor Tekstil" | L2: Лаборатория: хлопзавод при ООО "Navbahor Tekstil" | W2: Лаборатория: хлопзавод при ООО "Navbahor Tekstil" | AH2: Лаборатория: хлопзавод при ООО "Navbahor Tekstil"
A3: Марка № | B3: 229 | I3: Корхона олди | L3: Марка № | M3: 229 | T3: Корхона олди | W3: Марка № | X3: 229 | AE3: Корхона олди | AH3: Марка № | AI3: 229 | AP3: Корхона олди
I4: Жами | T4: 1 яхши | AE4: 1 урта | AP4: 1 оддий
A5: № | B5: Масса | C5: № | D5: Масса | E5: № | F5: Масса | G5: № | H5: Масса | I5: № | J5: Масса | L5: № | M5: Масса | N5: № | O5: Масса | P5: № | Q5: Масса | R5: № | S5: Масса | T5: № | U5: Масса | W5: № | X5: Масса | Y5: № | Z5: Масса | AA5: № | AB5: Масса | AC5: № | AD5: Масса | AE5: № | AF5: Масса | AH5: № | AI5: Масса | AJ5: № | AK5: Масса | AL5: № | AM5: Масса | AN5: № | AO5: Масса | AP5: № | AQ5: Масса
A6: 1 | B6: 206.7 | C6: 50 | D6: 203.5 | E6: 99 | F6: 208.1 | G6: 148 | H6: 205.6 | I6: 197 | J6: 207.8 | L6: 1 | N6: 50 | P6: 99 | R6: 148 | S6: 205.6 | T6: 197 | W6: 1 | X6: 206.7 | Y6: 50 | Z6: 203.5 | AA6: 99 | AC6: 148 | AE6: 197 | AF6: 207.8 | AH6: 1 | AJ6: 50 | AL6: 99 | AM6: 208.1 | AN6: 148 | AP6: 197
A7: 2 | B7: 210.8 | C7: 51 | D7: 208.1 | E7: 100 | F7: 205.9 | G7: 149 | H7: 209.5 | I7: 198 | J7: 214.4 | L7: 2 | N7: 51 | P7: 100 | R7: 149 | S7: 209.5 | T7: 198 | W7: 2 | X7: 210.8 | Y7: 51 | Z7: 208.1 | AA7: 100 | AC7: 149 | AE7: 198 | AF7: 214.4 | AH7: 2 | AJ7: 51 | AL7: 100 | AM7: 205.9 | AN7: 149 | AP7: 198
A8: 3 | B8: 211.1 | C8: 52 | D8: 214.1 | E8: =+E7+1 -> 101 | F8: 202.3 | G8: 150 | H8: 177.5 | I8: 199 | J8: 218.9 | L8: 3 | N8: 52 | P8: =+P7+1 -> 101 | R8: 150 | S8: 177.5 | T8: 199 | W8: 3 | X8: 211.1 | Y8: 52 | Z8: 214.1 | AA8: =+AA7+1 -> 101 | AC8: 150 | AE8: 199 | AF8: 218.9 | AH8: 3 | AJ8: 52 | AL8: =+AL7+1 -> 101 | AM8: 202.3 | AN8: 150 | AP8: 199
A9: 4 | B9: 204.7 | C9: 53 | D9: 203.6 | E9: =+E8+1 -> 102 | F9: 223.3 | G9: 151 | H9: 204.2 | I9: 200 | J9: 213.8 | L9: 4 | N9: 53 | P9: =+P8+1 -> 102 | R9: 151 | S9: 204.2 | T9: 200 | W9: 4 | X9: 204.7 | Y9: 53 | Z9: 203.6 | AA9: =+AA8+1 -> 102 | AC9: 151 | AE9: 200 | AF9: 213.8 | AH9: 4 | AJ9: 53 | AL9: =+AL8+1 -> 102 | AM9: 223.3 | AN9: 151 | AP9: 200
A10: 5 | B10: 214.4 | C10: 54 | D10: 207 | E10: =+E9+1 -> 103 | F10: 212.3 | G10: 152 | H10: 204.4 | I10: 201 | J10: 206.1 | L10: 5 | N10: 54 | P10: =+P9+1 -> 103 | R10: 152 | S10: 204.4 | T10: 201 | W10: 5 | X10: 214.4 | Y10: 54 | Z10: 207 | AA10: =+AA9+1 -> 103 | AC10: 152 | AE10: 201 | AF10: 206.1 | AH10: 5 | AJ10: 54 | AL10: =+AL9+1 -> 103 | AM10: 212.3 | AN10: 152 | AP10: 201
A11: 6 | B11: 206 | C11: 55 | D11: 206.2 | E11: =+E10+1 -> 104 | F11: 210.4 | G11: 153 | H11: 206.8 | I11: 202 | J11: 215.5 | L11: 6 | N11: 55 | P11: =+P10+1 -> 104 | R11: 153 | S11: 206.8 | T11: 202 | W11: 6 | X11: 206 | Y11: 55 | Z11: 206.2 | AA11: =+AA10+1 -> 104 | AC11: 153 | AE11: 202 | AF11: 215.5 | AH11: 6 | AJ11: 55 | AL11: =+AL10+1 -> 104 | AM11: 210.4 | AN11: 153 | AP11: 202
A12: 7 | B12: 213.5 | C12: 56 | D12: 211.1 | E12: =+E11+1 -> 105 | F12: 210.7 | G12: 154 | H12: 191.3 | I12: 203 | J12: 211.7 | L12: 7 | N12: 56 | P12: =+P11+1 -> 105 | R12: 154 | S12: 191.3 | T12: 203 | W12: 7 | X12: 213.5 | Y12: 56 | Z12: 211.1 | AA12: =+AA11+1 -> 105 | AC12: 154 | AE12: 203 | AF12: 211.7 | AH12: 7 | AJ12: 56 | AL12: =+AL11+1 -> 105 | AM12: 210.7 | AN12: 154 | AP12: 203
A13: 8 | B13: 209.2 | C13: 57 | D13: 202.7 | E13: =+E12+1 -> 106 | F13: 204.8 | G13: 155 | H13: 211.7 | I13: 204 | J13: 209.8 | L13: 8 | N13: 57 | P13: =+P12+1 -> 106 | R13: 155 | S13: 211.7 | T13: 204 | W13: 8 | X13: 209.2 | Y13: 57 | Z13: 202.7 | AA13: =+AA12+1 -> 106 | AC13: 155 | AE13: 204 | AF13: 209.8 | AH13: 8 | AJ13: 57 | AL13: =+AL12+1 -> 106 | AM13: 204.8 | AN13: 155 | AP13: 204
A14: 9 | B14: 202.9 | C14: 58 | D14: 206.5 | E14: =+E13+1 -> 107 | F14: 208.7 | G14: 156 | H14: 203.1 | I14: 205 | J14: 215.1 | L14: 9 | N14: 58 | P14: =+P13+1 -> 107 | R14: 156 | S14: 203.1 | T14: 205 | W14: 9 | X14: 202.9 | Y14: 58 | Z14: 206.5 | AA14: =+AA13+1 -> 107 | AC14: 156 | AE14: 205 | AF14: 215.1 | AH14: 9 | AJ14: 58 | AL14: =+AL13+1 -> 107 | AM14: 208.7 | AN14: 156 | AP14: 205
A15: 10 | B15: 206.2 | C15: 59 | D15: 201.8 | E15: =+E14+1 -> 108 | F15: 207.1 | G15: 157 | H15: 206.5 | I15: 206 | J15: 217.7 | L15: 10 | N15: 59 | P15: =+P14+1 -> 108 | R15: 157 | S15: 206.5 | T15: 206 | W15: 10 | X15: 206.2 | Y15: 59 | Z15: 201.8 | AA15: =+AA14+1 -> 108 | AC15: 157 | AE15: 206 | AF15: 217.7 | AH15: 10 | AJ15: 59 | AL15: =+AL14+1 -> 108 | AM15: 207.1 | AN15: 157 | AP15: 206
A16: 11 | B16: 207 | C16: 60 | D16: 205.3 | E16: =+E15+1 -> 109 | F16: 202.6 | G16: 158 | H16: 189.8 | I16: 207 | J16: 212 | L16: 11 | N16: 60 | P16: =+P15+1 -> 109 | R16: 158 | S16: 189.8 | T16: 207 | W16: 11 | X16: 207 | Y16: 60 | AA16: =+AA15+1 -> 109 | AC16: 158 | AE16: 207 | AF16: 212 | AH16: 11 | AJ16: 60 | AK16: 205.3 | AL16: =+AL15+1 -> 109 | AM16: 202.6 | AN16: 158 | AP16: 207
A17: 12 | B17: 208.2 | C17: 61 | D17: 198.4 | E17: =+E16+1 -> 110 | F17: 197.5 | G17: 159 | H17: 204.9 | I17: 208 | J17: 213.6 | L17: 12 | N17: 61 | P17: =+P16+1 -> 110 | R17: 159 | S17: 204.9 | T17: 208 | W17: 12 | X17: 208.2 | Y17: 61 | AA17: =+AA16+1 -> 110 | AC17: 159 | AE17: 208 | AF17: 213.6 | AH17: 12 | AJ17: 61 | AK17: 198.4 | AL17: =+AL16+1 -> 110 | AM17: 197.5 | AN17: 159 | AP17: 208
A18: 13 | B18: 212.2 | C18: 62 | D18: 208.3 | E18: =+E17+1 -> 111 | F18: 205.2 | G18: 160 | H18: 207.6 | I18: 209 | J18: 215.6 | L18: 13 | N18: 62 | P18: =+P17+1 -> 111 | R18: 160 | S18: 207.6 | T18: 209 | W18: 13 | X18: 212.2 | Y18: 62 | AA18: =+AA17+1 -> 111 | AC18: 160 | AE18: 209 | AF18: 215.6 | AH18: 13 | AJ18: 62 | AK18: 208.3 | AL18: =+AL17+1 -> 111 | AM18: 205.2 | AN18: 160 | AP18: 209
A19: 14 | B19: 208.2 | C19: 63 | D19: 206.4 | E19: =+E18+1 -> 112 | F19: 200.4 | G19: 161 | H19: 204.8 | I19: 210 | J19: 184.9 | L19: 14 | N19: 63 | P19: =+P18+1 -> 112 | R19: 161 | S19: 204.8 | T19: 210 | W19: 14 | X19: 208.2 | Y19: 63 | AA19: =+AA18+1 -> 112 | AC19: 161 | AE19: 210 | AF19: 184.9 | AH19: 14 | AJ19: 63 | AK19: 206.4 | AL19: =+AL18+1 -> 112 | AM19: 200.4 | AN19: 161 | AP19: 210
A20: 15 | B20: 211.6 | C20: 64 | D20: 206.2 | E20: =+E19+1 -> 113 | F20: 212.8 | G20: 162 | H20: 207.3 | I20: 211 | J20: 215.4 | L20: 15 | N20: 64 | P20: =+P19+1 -> 113 | R20: 162 | S20: 207.3 | T20: 211 | W20: 15 | X20: 211.6 | Y20: 64 | AA20: =+AA19+1 -> 113 | AC20: 162 | AE20: 211 | AF20: 215.4 | AH20: 15 | AJ20: 64 | AK20: 206.2 | AL20: =+AL19+1 -> 113 | AM20: 212.8 | AN20: 162 | AP20: 211
A21: 16 | B21: 208.7 | C21: 65 | D21: 204.4 | E21: =+E20+1 -> 114 | F21: 217.9 | G21: 163 | H21: 209.3 | I21: 212 | J21: 210.9 | L21: 16 | N21: 65 | P21: =+P20+1 -> 114 | R21: 163 | S21: 209.3 | T21: 212 | W21: 16 | X21: 208.7 | Y21: 65 | AA21: =+AA20+1 -> 114 | AC21: 163 | AE21: 212 | AF21: 210.9 | AH21: 16 | AJ21: 65 | AK21: 204.4 | AL21: =+AL20+1 -> 114 | AM21: 217.9 | AN21: 163 | AP21: 212
A22: 17 | B22: 212.6 | C22: 66 | D22: 203 | E22: =+E21+1 -> 115 | F22: 217.3 | G22: 164 | H22: 202.1 | I22: 213 | J22: 188.4 | L22: 17 | N22: 66 | P22: =+P21+1 -> 115 | R22: 164 | S22: 202.1 | T22: 213 | W22: 17 | X22: 212.6 | Y22: 66 | AA22: =+AA21+1 -> 115 | AC22: 164 | AE22: 213 | AF22: 188.4 | AH22: 17 | AJ22: 66 | AK22: 203 | AL22: =+AL21+1 -> 115 | AM22: 217.3 | AN22: 164 | AP22: 213
A23: 18 | B23: 212.4 | C23: 67 | D23: 203.1 | E23: =+E22+1 -> 116 | F23: 218 | G23: 165 | H23: 186.8 | I23: 214 | J23: 206.6 | L23: 18 | N23: 67 | P23: =+P22+1 -> 116 | R23: 165 | S23: 186.8 | T23: 214 | W23: 18 | X23: 212.4 | Y23: 67 | AA23: =+AA22+1 -> 116 | AC23: 165 | AE23: 214 | AF23: 206.6 | AH23: 18 | AJ23: 67 | AK23: 203.1 | AL23: =+AL22+1 -> 116 | AM23: 218 | AN23: 165 | AP23: 214
A24: 19 | B24: 213.5 | C24: 68 | D24: 211.1 | E24: =+E23+1 -> 117 | F24: 209.2 | G24: 166 | H24: 201.6 | I24: 215 | J24: 212.2 | L24: 19 | N24: 68 | P24: =+P23+1 -> 117 | R24: 166 | S24: 201.6 | T24: 215 | W24: 19 | X24: 213.5 | Y24: 68 | AA24: =+AA23+1 -> 117 | AC24: 166 | AE24: 215 | AF24: 212.2 | AH24: 19 | AJ24: 68 | AK24: 211.1 | AL24: =+AL23+1 -> 117 | AM24: 209.2 | AN24: 166 | AP24: 215
A25: 20 | B25: 211 | C25: 69 | D25: 216.8 | E25: =+E24+1 -> 118 | F25: 218 | G25: 167 | H25: 201.6 | I25: 216 | J25: 190.2 | L25: 20 | N25: 69 | P25: =+P24+1 -> 118 | R25: 167 | S25: 201.6 | T25: 216 | W25: 20 | X25: 211 | Y25: 69 | AA25: =+AA24+1 -> 118 | AC25: 167 | AE25: 216 | AF25: 190.2 | AH25: 20 | AJ25: 69 | AK25: 216.8 | AL25: =+AL24+1 -> 118 | AM25: 218 | AN25: 167 | AP25: 216
A26: 21 | B26: 205.3 | C26: 70 | D26: 216.1 | E26: =+E25+1 -> 119 | F26: 212.6 | G26: 168 | H26: 210.9 | I26: 217 | J26: 212.4 | L26: 21 | N26: 70 | P26: =+P25+1 -> 119 | R26: 168 | S26: 210.9 | T26: 217 | W26: 21 | X26: 205.3 | Y26: 70 | AA26: =+AA25+1 -> 119 | AC26: 168 | AE26: 217 | AF26: 212.4 | AH26: 21 | AJ26: 70 | AK26: 216.1 | AL26: =+AL25+1 -> 119 | AM26: 212.6 | AN26: 168 | AP26: 217
A27: 22 | B27: 206 | C27: 71 | D27: 210.1 | E27: =+E26+1 -> 120 | F27: 209 | G27: 169 | H27: 201.3 | I27: 218 | J27: 208.9 | L27: 22 | N27: 71 | P27: =+P26+1 -> 120 | R27: 169 | S27: 201.3 | T27: 218 | W27: 22 | X27: 206 | Y27: 71 | AA27: =+AA26+1 -> 120 | AC27: 169 | AE27: 218 | AF27: 208.9 | AH27: 22 | AJ27: 71 | AK27: 210.1 | AL27: =+AL26+1 -> 120 | AM27: 209 | AN27: 169 | AP27: 218
... A29: 24 | B29: 208.2 | C29: 73 | D29: 203.2 | E29: =+E28+1 -> 122 | F29: 193.2 | G29: 171 | H29: 184.9 | I29: 220 | J29: 210 | L29: 24 | N29: 73 | P29: =+P28+1 -> 122 | R29: 171 | S29: 184.9 | T29: 220 | W29: 24 | X29: 208.2 | Y29: 73 | AA29: =+AA28+1 -> 122 | AC29: 171 | AE29: 220 | AF29: 210 | AH29: 24 | AJ29: 73 | AK29: 203.2 | AL29: =+AL28+1 -> 122 | AM29: 193.2 | AN29: 171 | AP29: 220
A30: 25 | B30: 202.8 | C30: 74 | D30: 216.3 | E30: =+E29+1 -> 123 | F30: 186.6 | G30: 172 | H30: 204.2 | L30: 25 | N30: 74 | P30: =+P29+1 -> 123 | R30: 172 | S30: 204.2 | W30: 25 | X30: 202.8 | Y30: 74 | AA30: =+AA29+1 -> 123 | AC30: 172 | AH30: 25 | AJ30: 74 | AK30: 216.3 | AL30: =+AL29+1 -> 123 | AM30: 186.6 | AN30: 172
A31: 26 | B31: 204 | C31: 75 | D31: 209.2 | E31: =+E30+1 -> 124 | F31: 187.4 | G31: 173 | H31: 199 | L31: 26 | N31: 75 | P31: =+P30+1 -> 124 | R31: 173 | S31: 199 | W31: 26 | X31: 204 | Y31: 75 | AA31: =+AA30+1 -> 124 | AC31: 173 | AH31: 26 | AJ31: 75 | AK31: 209.2 | AL31: =+AL30+1 -> 124 | AM31: 187.4 | AN31: 173
A32: 27 | B32: 206.3 | C32: 76 | D32: 216.4 | E32: =+E31+1 -> 125 | F32: 186 | G32: 174 | H32: 202.2 | L32: 27 | N32: 76 | P32: =+P31+1 -> 125 | R32: 174 | S32: 202.2 | W32: 27 | X32: 206.3 | Y32: 76 | AA32: =+AA31+1 -> 125 | AC32: 174 | AH32: 27 | AJ32: 76 | AK32: 216.4 | AL32: =+AL31+1 -> 125 | AM32: 186 | AN32: 174
A33: 28 | B33: 212.9 | C33: 77 | D33: 210.2 | E33: =+E32+1 -> 126 | F33: 193.9 | G33: 175 | H33: 200.2 | L33: 28 | N33: 77 | P33: =+P32+1 -> 126 | Q33: 193.9 | R33: 175 | S33: 200.2 | W33: 28 | X33: 212.9 | Y33: 77 | AA33: =+AA32+1 -> 126 | AC33: 175 | AH33: 28 | AJ33: 77 | AK33: 210.2 | AL33: =+AL32+1 -> 126 | AN33: 175
A34: 29 | B34: 208.2 | C34: 78 | D34: 211.6 | E34: =+E33+1 -> 127 | F34: 229.3 | G34: 176 | H34: 200.9 | L34: 29 | N34: 78 | P34: =+P33+1 -> 127 | Q34: 229.3 | R34: 176 | S34: 200.9 | W34: 29 | X34: 208.2 | Y34: 78 | AA34: =+AA33+1 -> 127 | AC34: 176 | AH34: 29 | AJ34: 78 | AK34: 211.6 | AL34: =+AL33+1 -> 127 | AN34: 176
A35: 30 | B35: 207.8 | C35: 79 | D35: 216.4 | E35: =+E34+1 -> 128 | F35: 209.7 | G35: 177 | H35: 206.6 | L35: 30 | N35: 79 | P35: =+P34+1 -> 128 | Q35: 209.7 | R35: 177 | S35: 206.6 | W35: 30 | X35: 207.8 | Y35: 79 | AA35: =+AA34+1 -> 128 | AC35: 177 | AH35: 30 | AJ35: 79 | AK35: 216.4 | AL35: =+AL34+1 -> 128 | AN35: 177
A36: 31 | B36: 212 | C36: 80 | D36: 207.7 | E36: =+E35+1 -> 129 | F36: 211.9 | G36: 178 | H36: 204.1 | L36: 31 | N36: 80 | P36: =+P35+1 -> 129 | Q36: 211.9 | R36: 178 | S36: 204.1 | W36: 31 | X36: 212 | Y36: 80 | AA36: =+AA35+1 -> 129 | AC36: 178 | AH36: 31 | AJ36: 80 | AK36: 207.7 | AL36: =+AL35+1 -> 129 | AN36: 178
A37: 32 | B37: 210.2 | C37: 81 | D37: 213.8 | E37: =+E36+1 -> 130 | F37: 210.7 | G37: 179 | H37: 203.8 | L37: 32 | N37: 81 | P37: =+P36+1 -> 130 | Q37: 210.7 | R37: 179 | S37: 203.8 | W37: 32 | X37: 210.2 | Y37: 81 | AA37: =+AA36+1 -> 130 | AC37: 179 | AH37: 32 | AJ37: 81 | AK37: 213.8 | AL37: =+AL36+1 -> 130 | AN37: 179
A38: 33 | B38: 205.5 | C38: 82 | D38: 208.7 | E38: =+E37+1 -> 131 | F38: 211 | G38: 180 | H38: 210.3 | L38: 33 | N38: 82 | P38: =+P37+1 -> 131 | Q38: 211 | R38: 180 | S38: 210.3 | W38: 33 | X38: 205.5 | Y38: 82 | AA38: =+AA37+1 -> 131 | AC38: 180 | AH38: 33 | AJ38: 82 | AK38: 208.7 | AL38: =+AL37+1 -> 131 | AN38: 180
A39: 34 | B39: 204.7 | C39: 83 | D39: 213.9 | E39: =+E38+1 -> 132 | F39: 205.6 | G39: 181 | H39: 210.5 | L39: 34 | N39: 83 | P39: =+P38+1 -> 132 | Q39: 205.6 | R39: 181 | W39: 34 | X39: 204.7 | Y39: 83 | AA39: =+AA38+1 -> 132 | AC39: 181 | AD39: 210.5 | AH39: 34 | AJ39: 83 | AK39: 213.9 | AL39: =+AL38+1 -> 132 | AN39: 181
A40: 35 | B40: 206.6 | C40: 84 | D40: 211.1 | E40: =+E39+1 -> 133 | F40: 209 | G40: 182 | H40: 206.9 | L40: 35 | N40: 84 | P40: =+P39+1 -> 133 | Q40: 209 | R40: 182 | W40: 35 | X40: 206.6 | Y40: 84 | AA40: =+AA39+1 -> 133 | AC40: 182 | AD40: 206.9 | AH40: 35 | AJ40: 84 | AK40: 211.1 | AL40: =+AL39+1 -> 133 | AN40: 182
A41: 36 | B41: 210.6 | C41: 85 | D41: 208.8 | E41: =+E40+1 -> 134 | F41: 207.6 | G41: 183 | H41: 204.6 | L41: 36 | N41: 85 | P41: =+P40+1 -> 134 | Q41: 207.6 | R41: 183 | W41: 36 | X41: 210.6 | Y41: 85 | AA41: =+AA40+1 -> 134 | AC41: 183 | AD41: 204.6 | AH41: 36 | AJ41: 85 | AK41: 208.8 | AL41: =+AL40+1 -> 134 | AN41: 183
A42: 37 | B42: 208.6 | C42: 86 | D42: 203.5 | E42: =+E41+1 -> 135 | F42: 207.6 | G42: 184 | H42: 209.2 | L42: 37 | N42: 86 | P42: =+P41+1 -> 135 | Q42: 207.6 | R42: 184 | W42: 37 | X42: 208.6 | Y42: 86 | AA42: =+AA41+1 -> 135 | AC42: 184 | AD42: 209.2 | AH42: 37 | AJ42: 86 | AK42: 203.5 | AL42: =+AL41+1 -> 135 | AN42: 184
A43: 38 | B43: 208.4 | C43: 87 | D43: 205.6 | E43: =+E42+1 -> 136 | F43: 208.8 | G43: 185 | H43: 178 | L43: 38 | N43: 87 | P43: =+P42+1 -> 136 | Q43: 208.8 | R43: 185 | W43: 38 | X43: 208.4 | Y43: 87 | AA43: =+AA42+1 -> 136 | AC43: 185 | AD43: 178 | AH43: 38 | AJ43: 87 | AK43: 205.6 | AL43: =+AL42+1 -> 136 | AN43: 185
A44: 39 | B44: 212 | C44: 88 | D44: 207.6 | E44: =+E43+1 -> 137 | F44: 206.9 | G44: 186 | H44: 209.3 | L44: 39 | N44: 88 | P44: =+P43+1 -> 137 | Q44: 206.9 | R44: 186 | W44: 39 | X44: 212 | Y44: 88 | AA44: =+AA43+1 -> 137 | AC44: 186 | AD44: 209.3 | AH44: 39 | AJ44: 88 | AK44: 207.6 | AL44: =+AL43+1 -> 137 | AN44: 186
A45: 40 | B45: 213.6 | C45: 89 | D45: 211.7 | E45: =+E44+1 -> 138 | F45: 214.4 | G45: 187 | H45: 208.7 | L45: 40 | N45: 89 | P45: =+P44+1 -> 138 | Q45: 214.4 | R45: 187 | W45: 40 | X45: 213.6 | Y45: 89 | AA45: =+AA44+1 -> 138 | AC45: 187 | AD45: 208.7 | AH45: 40 | AJ45: 89 | AK45: 211.7 | AL45: =+AL44+1 -> 138 | AN45: 187
A46: 41 | B46: 207.1 | C46: 90 | D46: 207.8 | E46: =+E45+1 -> 139 | F46: 211.8 | G46: 188 | H46: 212.6 | L46: 41 | N46: 90 | P46: =+P45+1 -> 139 | Q46: 211.8 | R46: 188 | W46: 41 | X46: 207.1 | Y46: 90 | AA46: =+AA45+1 -> 139 | AC46: 188 | AD46: 212.6 | AH46: 41 | AJ46: 90 | AK46: 207.8 | AL46: =+AL45+1 -> 139 | AN46: 188
A47: 42 | B47: 208.1 | C47: 91 | D47: 210.1 | E47: =+E46+1 -> 140 | F47: 209.5 | G47: 189 | H47: 206.6 | L47: 42 | N47: 91 | P47: =+P46+1 -> 140 | Q47: 209.5 | R47: 189 | W47: 42 | X47: 208.1 | Y47: 91 | AA47: =+AA46+1 -> 140 | AC47: 189 | AD47: 206.6 | AH47: 42 | AJ47: 91 | AK47: 210.1 | AL47: =+AL46+1 -> 140 | AN47: 189
A48: 43 | B48: 206.6 | C48: 92 | D48: 211.8 | E48: =+E47+1 -> 141 | F48: 206.8 | G48: 190 | H48: 208.2 | L48: 43 | N48: 92 | P48: =+P47+1 -> 141 | Q48: 206.8 | R48: 190 | W48: 43 | X48: 206.6 | Y48: 92 | AA48: =+AA47+1 -> 141 | AC48: 190 | AD48: 208.2 | AH48: 43 | AJ48: 92 | AK48: 211.8 | AL48: =+AL47+1 -> 141 | AN48: 190
A49: 44 | B49: 204.4 | C49: 93 | D49: 211.2 | E49: =+E48+1 -> 142 | F49: 208.7 | G49: 191 | H49: 187.7 | L49: 44 | N49: 93 | P49: =+P48+1 -> 142 | Q49: 208.7 | R49: 191 | W49: 44 | X49: 204.4 | Y49: 93 | AA49: =+AA48+1 -> 142 | AC49: 191 | AD49: 187.7 | AH49: 44 | AJ49: 93 | AK49: 211.2 | AL49: =+AL48+1 -> 142 | AN49: 191
A50: 45 | B50: 202.5 | C50: 94 | D50: 208.2 | E50: =+E49+1 -> 143 | F50: 207.5 | G50: 192 | H50: 217.4 | L50: 45 | N50: 94 | P50: =+P49+1 -> 143 | Q50: 207.5 | R50: 192 | W50: 45 | X50: 202.5 | Y50: 94 | AA50: =+AA49+1 -> 143 | AC50: 192 | AD50: 217.4 | AH50: 45 | AJ50: 94 | AK50: 208.2 | AL50: =+AL49+1 -> 143 | AN50: 192
... A54: 49 | B54: 203.4 | C54: 98 | D54: 200.2 | E54: =+E53+1 -> 147 | F54: 212.6 | G54: 196 | H54: 167.3 | L54: 49 | N54: 98 | P54: =+P53+1 -> 147 | Q54: 212.6 | R54: 196 | W54: 49 | X54: 203.4 | Y54: 98 | AA54: =+AA53+1 -> 147 | AC54: 196 | AD54: 167.3 | AH54: 49 | AJ54: 98 | AK54: 200.2 | AL54: =+AL53+1 -> 147 | AN54: 196
B55: =SUM(B6:B54) -> 10211.8 | D55: =SUM(D6:D54) -> 10208.1 | F55: =SUM(F6:F54) -> 10134.7 | H55: =SUM(H6:H54) -> 9931.5 | J55: =SUM(J6:J54) -> 4975.1 | M55: =SUM(M6:M54) -> 0 | O55: =SUM(O6:O54) -> 0 | Q55: =SUM(Q6:Q54) -> 4596.9 | S55: =SUM(S6:S54) -> 6671.6 | U55: =SUM(U6:U54) -> 0 | X55: =SUM(X6:X54) -> 10211.8 | Z55: =SUM(Z6:Z54) -> 2064.6 | AB55: =SUM(AB6:AB54) -> 0 | AD55: =SUM(AD6:AD54) -> 3259.9 | AF55: =SUM(AF6:AF54) -> 4975.1 | AI55: =SUM(AI6:AI54) -> 0 | AK55: =SUM(AK6:AK54) -> 8143.5 | AM55: =SUM(AM6:AM54) -> 5537.8 | AO55: =SUM(AO6:AO54) -> 0 | AQ55: =SUM(AQ6:AQ54) -> 0
A56: Итого кип | B56: =COUNT(B6:B54,D6:D54,F6:F54,H6:H54,J6:J54) -> 220 | C56: Масса брутто | E56: =B55+D55+F55+H55+J55 -> 45461.2 | F56: Тары | G56: =B56*2.2 -> 484 | H56: Масса нетто | J56: =E56-G56 -> 44977.2 | L56: Итого кип | M56: =COUNT(M6:M54,O6:O54,Q6:Q54,S6:S54,U6:U54) -> 55 | N56: Масса брутто | P56: =M55+O55+Q55+S55+U55 -> 11268.5 | Q56: Тары | R56: =M56*2.2 -> 121 | S56: Масса нетто | U56: =P56-R56 -> 11147.5 | W56: Итого кип | X56: =COUNT(X6:X54,Z6:Z54,AB6:AB54,AD6:AD54,AF6:AF54) -> 99 | Y56: Масса брутто | AA56: =X55+Z55+AB55+AD55+AF55 -> 20511.4 | AB56: Тары | AC56: =X56*2.2 -> 217.8 | AD56: Масса нетто | AF56: =AA56-AC56 -> 20293.6 | AH56: Итого кип | AI56: =COUNT(AI6:AI54,AK6:AK54,AM6:AM54,AO6:AO54,AQ6:AQ54) -> 66 | AJ56: Масса брутто | AL56: =AI55+AK55+AM55+AO55+AQ55 -> 13681.3 | AM56: Тары | AN56: =AI56*2.2 -> 145.2 | AO56: Масса нетто | AQ56: =AL56-AN56 -> 13536.1
A57: Лаборант: | L57: Лаборант: | W57: Лаборант: | AH57: Лаборант:
B58: =M56+X56+AI56 -> 220 | E58: =P56+AA56+AL56 -> 45461.2 | J58: =U56+AF56+AQ56 -> 44977.2
F59: Тара | G59: 2.2 | Q59: Тара | R59: 2.2 | AB59: Тара | AC59: 2.2

Sheet 228
A1: Акт покипного отвеса | L1: Акт покипного отвеса | W1: Акт покипного отвеса
A2: Лаборатория: хлопзавод при ООО "Navbahor Tekstil" | L2: Лаборатория: хлопзавод при ООО "Navbahor Tekstil" | W2: Лаборатория: хлопзавод при ООО "Navbahor Tekstil"
A3: Марка № | B3: 228 | I3: Корхона олди | L3: Марка № | M3: 228 | T3: Корхона олди | W3: Марка № | X3: 228 | AE3: Корхона олди
I4: Жами | T4: 1 яхши | AE4: 1 урта
A5: № | B5: Масса | C5: № | D5: Масса | E5: № | F5: Масса | G5: № | H5: Масса | I5: № | J5: Масса | L5: № | M5: Масса | N5: № | O5: Масса | P5: № | Q5: Масса | R5: № | S5: Масса | T5: № | U5: Масса | W5: № | X5: Масса | Y5: № | Z5: Масса | AA5: № | AB5: Масса | AC5: № | AD5: Масса | AE5: № | AF5: Масса
A6: 1 | B6: 166.4 | C6: 50 | D6: 202 | E6: 99 | F6: 194.6 | G6: 148 | H6: 195.4 | I6: 197 | J6: 180.3 | L6: 1 | M6: 166.4 | N6: 50 | P6: 99 | R6: 148 | S6: 195.4 | T6: 197 | W6: 1 | Y6: 50 | Z6: 202 | AA6: 99 | AB6: 194.6 | AC6: 148 | AE6: 197 | AF6: 180.3
A7: 2 | B7: 208.6 | C7: 51 | D7: 196 | E7: 100 | F7: 207.9 | G7: 149 | H7: 211.7 | I7: 198 | J7: 208.5 | L7: 2 | M7: 208.6 | N7: 51 | P7: 100 | R7: 149 | S7: 211.7 | T7: 198 | W7: 2 | Y7: 51 | Z7: 196 | AA7: 100 | AB7: 207.9 | AC7: 149 | AE7: 198 | AF7: 208.5
A8: 3 | B8: 169 | C8: 52 | D8: 195.9 | E8: =+E7+1 -> 101 | F8: 207.7 | G8: 150 | H8: 212.8 | I8: 199 | J8: 208.8 | L8: 3 | M8: 169 | N8: 52 | P8: =+P7+1 -> 101 | R8: 150 | S8: 212.8 | T8: 199 | W8: 3 | Y8: 52 | Z8: 195.9 | AA8: =+AA7+1 -> 101 | AB8: 207.7 | AC8: 150 | AE8: 199 | AF8: 208.8
A9: 4 | B9: 205.8 | C9: 53 | D9: 189.6 | E9: =+E8+1 -> 102 | F9: 171.6 | G9: 151 | H9: 216.9 | I9: 200 | J9: 210.6 | L9: 4 | M9: 205.8 | N9: 53 | P9: =+P8+1 -> 102 | R9: 151 | S9: 216.9 | T9: 200 | W9: 4 | Y9: 53 | Z9: 189.6 | AA9: =+AA8+1 -> 102 | AB9: 171.6 | AC9: 151 | AE9: 200 | AF9: 210.6
A10: 5 | B10: 178 | C10: 54 | D10: 210 | E10: =+E9+1 -> 103 | F10: 212.3 | G10: 152 | H10: 216.2 | I10: 201 | J10: 203 | L10: 5 | M10: 178 | N10: 54 | P10: =+P9+1 -> 103 | R10: 152 | S10: 216.2 | T10: 201 | W10: 5 | Y10: 54 | Z10: 210 | AA10: =+AA9+1 -> 103 | AB10: 212.3 | AC10: 152 | AE10: 201 | AF10: 203
A11: 6 | B11: 211.9 | C11: 55 | D11: 186.3 | E11: =+E10+1 -> 104 | F11: 177.7 | G11: 153 | H11: 215 | I11: 202 | J11: 195.7 | L11: 6 | M11: 211.9 | N11: 55 | P11: =+P10+1 -> 104 | R11: 153 | S11: 215 | T11: 202 | W11: 6 | Y11: 55 | Z11: 186.3 | AA11: =+AA10+1 -> 104 | AB11: 177.7 | AC11: 153 | AE11: 202 | AF11: 195.7
A12: 7 | B12: 208.4 | C12: 56 | D12: 209.2 | E12: =+E11+1 -> 105 | F12: 213.3 | G12: 154 | H12: 212.5 | I12: 203 | J12: 209.7 | L12: 7 | M12: 208.4 | N12: 56 | P12: =+P11+1 -> 105 | R12: 154 | S12: 212.5 | T12: 203 | W12: 7 | Y12: 56 | Z12: 209.2 | AA12: =+AA11+1 -> 105 | AB12: 213.3 | AC12: 154 | AE12: 203 | AF12: 209.7
A13: 8 | B13: 181.8 | C13: 57 | D13: 184.6 | E13: =+E12+1 -> 106 | F13: 210.2 | G13: 155 | H13: 208.1 | I13: 204 | J13: 211.5 | L13: 8 | M13: 181.8 | N13: 57 | P13: =+P12+1 -> 106 | R13: 155 | S13: 208.1 | T13: 204 | W13: 8 | Y13: 57 | Z13: 184.6 | AA13: =+AA12+1 -> 106 | AB13: 210.2 | AC13: 155 | AE13: 204 | AF13: 211.5
A14: 9 | B14: 204.9 | C14: 58 | D14: 178.3 | E14: =+E13+1 -> 107 | F14: 205.9 | G14: 156 | H14: 212.8 | I14: 205 | J14: 206.5 | L14: 9 | M14: 204.9 | N14: 58 | P14: =+P13+1 -> 107 | R14: 156 | S14: 212.8 | T14: 205 | W14: 9 | Y14: 58 | Z14: 178.3 | AA14: =+AA13+1 -> 107 | AB14: 205.9 | AC14: 156 | AE14: 205 | AF14: 206.5
A15: 10 | B15: 174.9 | C15: 59 | D15: 207.6 | E15: =+E14+1 -> 108 | F15: 212.8 | G15: 157 | H15: 183.3 | I15: 206 | J15: 203.7 | L15: 10 | M15: 174.9 | N15: 59 | P15: =+P14+1 -> 108 | R15: 157 | S15: 183.3 | T15: 206 | W15: 10 | Y15: 59 | Z15: 207.6 | AA15: =+AA14+1 -> 108 | AB15: 212.8 | AC15: 157 | AE15: 206 | AF15: 203.7
A16: 11 | B16: 204.3 | C16: 60 | D16: 194.6 | E16: =+E15+1 -> 109 | F16: 212 | G16: 158 | H16: 207.7 | I16: 207 | J16: 206.4 | L16: 11 | M16: 204.3 | N16: 60 | P16: =+P15+1 -> 109 | R16: 158 | S16: 207.7 | T16: 207 | W16: 11 | Y16: 60 | Z16: 194.6 | AA16: =+AA15+1 -> 109 | AB16: 212 | AC16: 158 | AE16: 207 | AF16: 206.4
A17: 12 | B17: 185.5 | C17: 61 | D17: 209.3 | E17: =+E16+1 -> 110 | F17: 168.3 | G17: 159 | H17: 210.1 | I17: 208 | J17: 200.2 | L17: 12 | M17: 185.5 | N17: 61 | P17: =+P16+1 -> 110 | R17: 159 | S17: 210.1 | T17: 208 | W17: 12 | Y17: 61 | Z17: 209.3 | AA17: =+AA16+1 -> 110 | AB17: 168.3 | AC17: 159 | AE17: 208 | AF17: 200.2
A18: 13 | B18: 198.2 | C18: 62 | D18: 191.8 | E18: =+E17+1 -> 111 | F18: 204.2 | G18: 160 | H18: 205.6 | I18: 209 | J18: 204.5 | L18: 13 | M18: 198.2 | N18: 62 | P18: =+P17+1 -> 111 | R18: 160 | S18: 205.6 | T18: 209 | W18: 13 | Y18: 62 | Z18: 191.8 | AA18: =+AA17+1 -> 111 | AB18: 204.2 | AC18: 160 | AE18: 209 | AF18: 204.5
A19: 14 | B19: 204.3 | C19: 63 | D19: 206.4 | E19: =+E18+1 -> 112 | F19: 187.7 | G19: 161 | H19: 207.2 | I19: 210 | J19: 212.6 | L19: 14 | M19: 204.3 | N19: 63 | P19: =+P18+1 -> 112 | R19: 161 | S19: 207.2 | T19: 210 | W19: 14 | Y19: 63 | Z19: 206.4 | AA19: =+AA18+1 -> 112 | AB19: 187.7 | AC19: 161 | AE19: 210 | AF19: 212.6
... A27: 22 | B27: 200.3 | C27: 71 | D27: 180.1 | E27: =+E26+1 -> 120 | F27: 211.6 | G27: 169 | H27: 208.6 | I27: 218 | J27: 203.9 | L27: 22 | M27: 200.3 | N27: 71 | P27: =+P26+1 -> 120 | R27: 169 | S27: 208.6 | T27: 218 | W27: 22 | Y27: 71 | Z27: 180.1 | AA27: =+AA26+1 -> 120 | AB27: 211.6 | AC27: 169 | AE27: 218 | AF27: 203.9
A28: 23 | B28: 194.3 | C28: 72 | D28: 209.1 | E28: =+E27+1 -> 121 | F28: 200.9 | G28: 170 | H28: 208.6 | I28: 219 | J28: 202.3 | L28: 23 | M28: 194.3 | N28: 72 | P28: =+P27+1 -> 121 | R28: 170 | T28: 219 | W28: 23 | Y28: 72 | Z28: 209.1 | AA28: =+AA27+1 -> 121 | AB28: 200.9 | AC28: 170 | AD28: 208.6 | AE28: 219 | AF28: 202.3
A29: 24 | B29: 202.1 | C29: 73 | D29: 160 | E29: =+E28+1 -> 122 | F29: 204.9 | G29: 171 | H29: 211.9 | I29: 220 | J29: 208.5 | L29: 24 | M29: 202.1 | N29: 73 | P29: =+P28+1 -> 122 | R29: 171 | T29: 220 | W29: 24 | Y29: 73 | Z29: 160 | AA29: =+AA28+1 -> 122 | AB29: 204.9 | AC29: 171 | AD29: 211.9 | AE29: 220 | AF29: 208.5
A30: 25 | B30: 183 | C30: 74 | D30: 207.5 | E30: =+E29+1 -> 123 | F30: 198.6 | G30: 172 | H30: 206.8 | L30: 25 | M30: 183 | N30: 74 | P30: =+P29+1 -> 123 | R30: 172 | W30: 25 | Y30: 74 | Z30: 207.5 | AA30: =+AA29+1 -> 123 | AB30: 198.6 | AC30: 172 | AD30: 206.8
A31: 26 | B31: 205.1 | C31: 75 | D31: 206.1 | E31: =+E30+1 -> 124 | F31: 203.5 | G31: 173 | H31: 204.3 | L31: 26 | M31: 205.1 | N31: 75 | P31: =+P30+1 -> 124 | R31: 173 | W31: 26 | Y31: 75 | Z31: 206.1 | AA31: =+AA30+1 -> 124 | AB31: 203.5 | AC31: 173 | AD31: 204.3
A32: 27 | B32: 168.3 | C32: 76 | D32: 185.3 | E32: =+E31+1 -> 125 | F32: 180 | G32: 174 | H32: 204.9 | L32: 27 | M32: 168.3 | N32: 76 | P32: =+P31+1 -> 125 | R32: 174 | W32: 27 | Y32: 76 | Z32: 185.3 | AA32: =+AA31+1 -> 125 | AB32: 180 | AC32: 174 | AD32: 204.9
A33: 28 | B33: 205.7 | C33: 77 | D33: 204.6 | E33: =+E32+1 -> 126 | F33: 209.9 | G33: 175 | H33: 203.3 | L33: 28 | M33: 205.7 | N33: 77 | P33: =+P32+1 -> 126 | R33: 175 | W33: 28 | Y33: 77 | Z33: 204.6 | AA33: =+AA32+1 -> 126 | AB33: 209.9 | AC33: 175 | AD33: 203.3
A34: 29 | B34: 200.7 | C34: 78 | D34: 207.9 | E34: =+E33+1 -> 127 | F34: 175.2 | G34: 176 | H34: 207.6 | L34: 29 | M34: 200.7 | N34: 78 | P34: =+P33+1 -> 127 | R34: 176 | W34: 29 | Y34: 78 | Z34: 207.9 | AA34: =+AA33+1 -> 127 | AB34: 175.2 | AC34: 176 | AD34: 207.6
A35: 30 | B35: 170.3 | C35: 79 | D35: 190.6 | E35: =+E34+1 -> 128 | F35: 217.1 | G35: 177 | H35: 204.4 | L35: 30 | M35: 170.3 | N35: 79 | P35: =+P34+1 -> 128 | Q35: 217.1 | R35: 177 | W35: 30 | Y35: 79 | Z35: 190.6 | AA35: =+AA34+1 -> 128 | AC35: 177 | AD35: 204.4
A36: 31 | B36: 200.9 | C36: 80 | D36: 209.7 | E36: =+E35+1 -> 129 | F36: 214.9 | G36: 178 | H36: 207.3 | L36: 31 | M36: 200.9 | N36: 80 | P36: =+P35+1 -> 129 | Q36: 214.9 | R36: 178 | W36: 31 | Y36: 80 | Z36: 209.7 | AA36: =+AA35+1 -> 129 | AC36: 178 | AD36: 207.3
A37: 32 | B37: 183.7 | C37: 81 | D37: 168 | E37: =+E36+1 -> 130 | F37: 192.1 | G37: 179 | H37: 185.4 | L37: 32 | M37: 183.7 | N37: 81 | P37: =+P36+1 -> 130 | Q37: 192.1 | R37: 179 | W37: 32 | Y37: 81 | Z37: 168 | AA37: =+AA36+1 -> 130 | AC37: 179 | AD37: 185.4
A38: 33 | B38: 206 | C38: 82 | D38: 210.5 | E38: =+E37+1 -> 131 | F38: 212.4 | G38: 180 | H38: 208.2 | L38: 33 | M38: 206 | N38: 82 | P38: =+P37+1 -> 131 | Q38: 212.4 | R38: 180 | W38: 33 | Y38: 82 | Z38: 210.5 | AA38: =+AA37+1 -> 131 | AC38: 180 | AD38: 208.2
A39: 34 | B39: 200 | C39: 83 | D39: 165.3 | E39: =+E38+1 -> 132 | F39: 189.7 | G39: 181 | H39: 214.5 | L39: 34 | M39: 200 | N39: 83 | P39: =+P38+1 -> 132 | Q39: 189.7 | R39: 181 | W39: 34 | Y39: 83 | Z39: 165.3 | AA39: =+AA38+1 -> 132 | AC39: 181 | AD39: 214.5
A40: 35 | B40: 176.2 | C40: 84 | D40: 211.2 | E40: =+E39+1 -> 133 | F40: 216.4 | G40: 182 | H40: 183.9 | L40: 35 | M40: 176.2 | N40: 84 | P40: =+P39+1 -> 133 | Q40: 216.4 | R40: 182 | W40: 35 | Y40: 84 | Z40: 211.2 | AA40: =+AA39+1 -> 133 | AC40: 182 | AD40: 183.9
A41: 36 | B41: 204 | C41: 85 | D41: 181.6 | E41: =+E40+1 -> 134 | F41: 211.1 | G41: 183 | H41: 207.3 | L41: 36 | M41: 204 | N41: 85 | P41: =+P40+1 -> 134 | Q41: 211.1 | R41: 183 | W41: 36 | Y41: 85 | Z41: 181.6 | AA41: =+AA40+1 -> 134 | AC41: 183 | AD41: 207.3
A42: 37 | B42: 196.4 | C42: 86 | D42: 212.2 | E42: =+E41+1 -> 135 | F42: 195.3 | G42: 184 | H42: 206.7 | L42: 37 | M42: 196.4 | N42: 86 | P42: =+P41+1 -> 135 | Q42: 195.3 | R42: 184 | W42: 37 | Y42: 86 | Z42: 212.2 | AA42: =+AA41+1 -> 135 | AC42: 184 | AD42: 206.7
A43: 38 | B43: 224 | C43: 87 | D43: 187.7 | E43: =+E42+1 -> 136 | F43: 188.6 | G43: 185 | H43: 178.1 | L43: 38 | N43: 87 | P43: =+P42+1 -> 136 | Q43: 188.6 | R43: 185 | W43: 38 | X43: 224 | Y43: 87 | Z43: 187.7 | AA43: =+AA42+1 -> 136 | AC43: 185 | AD43: 178.1
A44: 39 | B44: 210.3 | C44: 88 | D44: 216.6 | E44: =+E43+1 -> 137 | F44: 212.2 | G44: 186 | H44: 203.3 | L44: 39 | N44: 88 | P44: =+P43+1 -> 137 | Q44: 212.2 | R44: 186 | W44: 39 | X44: 210.3 | Y44: 88 | Z44: 216.6 | AA44: =+AA43+1 -> 137 | AC44: 186 | AD44: 203.3
A45: 40 | B45: 210.3 | C45: 89 | D45: 213.2 | E45: =+E44+1 -> 138 | F45: 186.7 | G45: 187 | H45: 181.8 | L45: 40 | N45: 89 | P45: =+P44+1 -> 138 | Q45: 186.7 | R45: 187 | W45: 40 | X45: 210.3 | Y45: 89 | Z45: 213.2 | AA45: =+AA44+1 -> 138 | AC45: 187 | AD45: 181.8
A46: 41 | B46: 217.2 | C46: 90 | D46: 199.2 | E46: =+E45+1 -> 139 | F46: 184.4 | G46: 188 | H46: 204.7 | L46: 41 | N46: 90 | P46: =+P45+1 -> 139 | Q46: 184.4 | R46: 188 | W46: 41 | X46: 217.2 | Y46: 90 | Z46: 199.2 | AA46: =+AA45+1 -> 139 | AC46: 188 | AD46: 204.7
A47: 42 | B47: 202.7 | C47: 91 | D47: 214.8 | E47: =+E46+1 -> 140 | F47: 190.6 | G47: 189 | H47: 204.1 | L47: 42 | N47: 91 | P47: =+P46+1 -> 140 | Q47: 190.6 | R47: 189 | W47: 42 | X47: 202.7 | Y47: 91 | Z47: 214.8 | AA47: =+AA46+1 -> 140 | AC47: 189 | AD47: 204.1
A48: 43 | B48: 212.9 | C48: 92 | D48: 193.2 | E48: =+E47+1 -> 141 | F48: 211.5 | G48: 190 | H48: 192.7 | L48: 43 | N48: 92 | P48: =+P47+1 -> 141 | Q48: 211.5 | R48: 190 | W48: 43 | X48: 212.9 | Y48: 92 | Z48: 193.2 | AA48: =+AA47+1 -> 141 | AC48: 190 | AD48: 192.7
A49: 44 | B49: 189.2 | C49: 93 | D49: 209.6 | E49: =+E48+1 -> 142 | F49: 187.2 | G49: 191 | H49: 213.9 | L49: 44 | N49: 93 | P49: =+P48+1 -> 142 | Q49: 187.2 | R49: 191 | W49: 44 | X49: 189.2 | Y49: 93 | Z49: 209.6 | AA49: =+AA48+1 -> 142 | AC49: 191 | AD49: 213.9
A50: 45 | B50: 193.1 | C50: 94 | D50: 199.8 | E50: =+E49+1 -> 143 | F50: 212.8 | G50: 192 | H50: 170.8 | L50: 45 | N50: 94 | P50: =+P49+1 -> 143 | Q50: 212.8 | R50: 192 | W50: 45 | X50: 193.1 | Y50: 94 | Z50: 199.8 | AA50: =+AA49+1 -> 143 | AC50: 192 | AD50: 170.8
A51: 46 | B51: 210 | C51: 95 | D51: 213.7 | E51: =+E50+1 -> 144 | F51: 178.9 | G51: 193 | H51: 210.1 | L51: 46 | N51: 95 | P51: =+P50+1 -> 144 | Q51: 178.9 | R51: 193 | W51: 46 | X51: 210 | Y51: 95 | Z51: 213.7 | AA51: =+AA50+1 -> 144 | AC51: 193 | AD51: 210.1
A52: 47 | B52: 190.4 | C52: 96 | D52: 180.4 | E52: =+E51+1 -> 145 | F52: 209.7 | G52: 194 | H52: 209.3 | L52: 47 | N52: 96 | P52: =+P51+1 -> 145 | Q52: 209.7 | R52: 194 | W52: 47 | X52: 190.4 | Y52: 96 | Z52: 180.4 | AA52: =+AA51+1 -> 145 | AC52: 194 | AD52: 209.3
A53: 48 | B53: 207.3 | C53: 97 | D53: 213.1 | E53: =+E52+1 -> 146 | F53: 197.4 | G53: 195 | H53: 202.8 | L53: 48 | N53: 97 | P53: =+P52+1 -> 146 | Q53: 197.4 | R53: 195 | W53: 48 | X53: 207.3 | Y53: 97 | Z53: 213.1 | AA53: =+AA52+1 -> 146 | AC53: 195 | AD53: 202.8
A54: 49 | B54: 187.2 | C54: 98 | D54: 210.4 | E54: =+E53+1 -> 147 | F54: 213 | G54: 196 | H54: 208.9 | L54: 49 | N54: 98 | P54: =+P53+1 -> 147 | Q54: 213 | R54: 196 | W54: 49 | X54: 187.2 | Y54: 98 | Z54: 210.4 | AA54: =+AA53+1 -> 147 | AC54: 196 | AD54: 208.9
B55: =SUM(B6:B54) -> 9565.2 | D55: =SUM(D6:D54) -> 9694.2 | F55: =SUM(F6:F54) -> 9781.7 | H55: =SUM(H6:H54) -> 10021 | J55: =SUM(J6:J54) -> 4956.3 | M55: =SUM(M6:M54) -> 7110.6 | O55: =SUM(O6:O54) -> 0 | Q55: =SUM(Q6:Q54) -> 4022 | S55: =SUM(S6:S54) -> 4575.4 | U55: =SUM(U6:U54) -> 0 | X55: =SUM(X6:X54) -> 2454.6 | Z55: =SUM(Z6:Z54) -> 9694.2 | AB55: =SUM(AB6:AB54) -> 5759.7 | AD55: =SUM(AD6:AD54) -> 5445.6 | AF55: =SUM(AF6:AF54) -> 4956.3
A56: Итого кип | B56: =COUNT(B6:B54,D6:D54,F6:F54,H6:H54,J6:J54) -> 220 | C56: Масса брутто | E56: =B55+D55+F55+H55+J55 -> 44018.4 | F56: Тары | G56: =B56*2.2 -> 484 | H56: Масса нетто | J56: =E56-G56 -> 43534.4 | L56: Итого кип | M56: =COUNT(M6:M54,O6:O54,Q6:Q54,S6:S54,U6:U54) -> 79 | N56: Масса брутто | P56: =M55+O55+Q55+S55+U55 -> 15708 | Q56: Тары | R56: =M56*2.2 -> 173.8 | S56: Масса нетто | U56: =P56-R56 -> 15534.2 | W56: Итого кип | X56: =COUNT(X6:X54,Z6:Z54,AB6:AB54,AD6:AD54,AF6:AF54) -> 141 | Y56: Масса брутто | AA56: =X55+Z55+AB55+AD55+AF55 -> 28310.4 | AB56: Тары | AC56: =X56*2.2 -> 310.2 | AD56: Масса нетто | AF56: =AA56-AC56 -> 28000.2
A57: Лаборант: | L57: Лаборант: | W57: Лаборант:
B58: =M56+X56 -> 220 | E58: =P56+AA56 -> 44018.4 | J58: =U56+AF56 -> 43534.4
F59: Тара | G59: 2.2 | Q59: Тара | R59: 2.2 | AB59: Тара | AC59: 2.2

Sheet 227
A1: Акт покипного отвеса | L1: Акт покипного отвеса
A2: Лаборатория: хлопзавод при ООО "Navbahor Tekstil" | L2: Лаборатория: хлопзавод при ООО "Navbahor Tekstil"
A3: Марка № | B3: 227 | I3: Корхона олди | L3: Марка № | M3: 227 | T3: Корхона олди
I4: Жами | T4: 1 урта
A5: № | B5: Масса | C5: № | D5: Масса | E5: № | F5: Масса | G5: № | H5: Масса | I5: № | J5: Масса | L5: № | M5: Масса | N5: № | O5: Масса | P5: № | Q5: Масса | R5: № | S5: Масса | T5: № | U5: Масса
A6: 1 | B6: 191.1 | C6: 50 | D6: 211.1 | E6: 99 | F6: 187.6 | G6: 148 | H6: 185.4 | I6: 197 | J6: 173.5 | L6: 1 | M6: 191.1 | N6: 50 | O6: 211.1 | P6: 99 | Q6: 187.6 | R6: 148 | S6: 185.4 | T6: 197 | U6: 173.5
A7: 2 | B7: 207.1 | C7: 51 | D7: 210.1 | E7: 100 | F7: 203.9 | G7: 149 | H7: 207.2 | I7: 198 | J7: 203.9 | L7: 2 | M7: 207.1 | N7: 51 | O7: 210.1 | P7: 100 | Q7: 203.9 | R7: 149 | S7: 207.2 | T7: 198 | U7: 203.9
A8: 3 | B8: 204.9 | C8: 52 | D8: 197.2 | E8: =+E7+1 -> 101 | F8: 175.2 | G8: 150 | H8: 210.6 | I8: 199 | J8: 210.8 | L8: 3 | M8: 204.9 | N8: 52 | O8: 197.2 | P8: =+P7+1 -> 101 | Q8: 175.2 | R8: 150 | S8: 210.6 | T8: 199 | U8: 210.8
A9: 4 | B9: 202.7 | C9: 53 | D9: 209.5 | E9: =+E8+1 -> 102 | F9: 204 | G9: 151 | H9: 192.4 | I9: 200 | J9: 183.5 | L9: 4 | M9: 202.7 | N9: 53 | O9: 209.5 | P9: =+P8+1 -> 102 | Q9: 204 | R9: 151 | S9: 192.4 | T9: 200 | U9: 183.5
A10: 5 | B10: 199.9 | C10: 54 | D10: 211.6 | E10: =+E9+1 -> 103 | F10: 181.3 | G10: 152 | H10: 208.2 | I10: 201 | J10: 175.1 | L10: 5 | M10: 199.9 | N10: 54 | O10: 211.6 | P10: =+P9+1 -> 103 | Q10: 181.3 | R10: 152 | S10: 208.2 | T10: 201 | U10: 175.1
A11: 6 | B11: 202.8 | C11: 55 | D11: 208.7 | E11: =+E10+1 -> 104 | F11: 208.2 | G11: 153 | H11: 212.1 | I11: 202 | J11: 203.5 | L11: 6 | M11: 202.8 | N11: 55 | O11: 208.7 | P11: =+P10+1 -> 104 | Q11: 208.2 | R11: 153 | S11: 212.1 | T11: 202 | U11: 203.5
A12: 7 | B12: 198.8 | C12: 56 | D12: 212.2 | E12: =+E11+1 -> 105 | F12: 179.3 | G12: 154 | H12: 186.4 | I12: 203 | J12: 177.9 | L12: 7 | M12: 198.8 | N12: 56 | O12: 212.2 | P12: =+P11+1 -> 105 | Q12: 179.3 | R12: 154 | S12: 186.4 | T12: 203 | U12: 177.9
A13: 8 | B13: 205.9 | C13: 57 | D13: 182.3 | E13: =+E12+1 -> 106 | F13: 210.8 | G13: 155 | H13: 190.5 | I13: 204 | J13: 209.1 | L13: 8 | M13: 205.9 | N13: 57 | O13: 182.3 | P13: =+P12+1 -> 106 | Q13: 210.8 | R13: 155 | S13: 190.5 | T13: 204 | U13: 209.1
A14: 9 | B14: 204.8 | C14: 58 | D14: 210.3 | E14: =+E13+1 -> 107 | F14: 197.5 | G14: 156 | H14: 201.1 | I14: 205 | J14: 178.8 | L14: 9 | M14: 204.8 | N14: 58 | O14: 210.3 | P14: =+P13+1 -> 107 | Q14: 197.5 | R14: 156 | S14: 201.1 | T14: 205 | U14: 178.8
A15: 10 | B15: 204.6 | C15: 59 | D15: 205.5 | E15: =+E14+1 -> 108 | F15: 210.7 | G15: 157 | H15: 205.5 | I15: 206 | J15: 205.8 | L15: 10 | M15: 204.6 | N15: 59 | O15: 205.5 | P15: =+P14+1 -> 108 | Q15: 210.7 | R15: 157 | S15: 205.5 | T15: 206 | U15: 205.8
A16: 11 | B16: 203.1 | C16: 60 | D16: 192.1 | E16: =+E15+1 -> 109 | F16: 181.2 | G16: 158 | H16: 180 | I16: 207 | J16: 192.2 | L16: 11 | M16: 203.1 | N16: 60 | O16: 192.1 | P16: =+P15+1 -> 109 | Q16: 181.2 | R16: 158 | S16: 180 | T16: 207 | U16: 192.2
A17: 12 | B17: 202.6 | C17: 61 | D17: 210.5 | E17: =+E16+1 -> 110 | F17: 208.2 | G17: 159 | H17: 197.7 | I17: 208 | J17: 210.6 | L17: 12 | M17: 202.6 | N17: 61 | O17: 210.5 | P17: =+P16+1 -> 110 | Q17: 208.2 | R17: 159 | S17: 197.7 | T17: 208 | U17: 210.6
A18: 13 | B18: 203.7 | C18: 62 | D18: 190.6 | E18: =+E17+1 -> 111 | F18: 170.6 | G18: 160 | H18: 180.3 | I18: 209 | J18: 155.6 | L18: 13 | M18: 203.7 | N18: 62 | O18: 190.6 | P18: =+P17+1 -> 111 | Q18: 170.6 | R18: 160 | S18: 180.3 | T18: 209 | U18: 155.6
A19: 14 | B19: 200.9 | C19: 63 | D19: 210.9 | E19: =+E18+1 -> 112 | F19: 205 | G19: 161 | H19: 172.9 | I19: 210 | J19: 175.1 | L19: 14 | M19: 200.9 | N19: 63 | O19: 210.9 | P19: =+P18+1 -> 112 | Q19: 205 | R19: 161 | S19: 172.9 | T19: 210 | U19: 175.1
... A29: 24 | B29: 187.5 | C29: 73 | D29: 193.8 | E29: =+E28+1 -> 122 | F29: 195.1 | G29: 171 | H29: 205.4 | I29: 220 | J29: 180.3 | L29: 24 | M29: 187.5 | N29: 73 | O29: 193.8 | P29: =+P28+1 -> 122 | Q29: 195.1 | R29: 171 | S29: 205.4 | T29: 220 | U29: 180.3
A30: 25 | B30: 207.3 | C30: 74 | D30: 204.2 | E30: =+E29+1 -> 123 | F30: 173.2 | G30: 172 | H30: 208.6 | L30: 25 | M30: 207.3 | N30: 74 | O30: 204.2 | P30: =+P29+1 -> 123 | Q30: 173.2 | R30: 172 | S30: 208.6
A31: 26 | B31: 204.5 | C31: 75 | D31: 171.5 | E31: =+E30+1 -> 124 | F31: 209.4 | G31: 173 | H31: 174.2 | L31: 26 | M31: 204.5 | N31: 75 | O31: 171.5 | P31: =+P30+1 -> 124 | Q31: 209.4 | R31: 173 | S31: 174.2
A32: 27 | B32: 203.4 | C32: 76 | D32: 202.3 | E32: =+E31+1 -> 125 | F32: 167.5 | G32: 174 | H32: 206.1 | L32: 27 | M32: 203.4 | N32: 76 | O32: 202.3 | P32: =+P31+1 -> 125 | Q32: 167.5 | R32: 174 | S32: 206.1
A33: 28 | B33: 179.8 | C33: 77 | D33: 185.5 | E33: =+E32+1 -> 126 | F33: 204.2 | G33: 175 | H33: 179.7 | L33: 28 | M33: 179.8 | N33: 77 | O33: 185.5 | P33: =+P32+1 -> 126 | Q33: 204.2 | R33: 175 | S33: 179.7
A34: 29 | B34: 211.1 | C34: 78 | D34: 204.5 | E34: =+E33+1 -> 127 | F34: 164.8 | G34: 176 | H34: 205.7 | L34: 29 | M34: 211.1 | N34: 78 | O34: 204.5 | P34: =+P33+1 -> 127 | Q34: 164.8 | R34: 176 | S34: 205.7
A35: 30 | B35: 191.3 | C35: 79 | D35: 203.8 | E35: =+E34+1 -> 128 | F35: 203.5 | G35: 177 | H35: 201.4 | L35: 30 | M35: 191.3 | N35: 79 | O35: 203.8 | P35: =+P34+1 -> 128 | Q35: 203.5 | R35: 177 | S35: 201.4
A36: 31 | B36: 209.8 | C36: 80 | D36: 172.9 | E36: =+E35+1 -> 129 | F36: 167.1 | G36: 178 | H36: 207.4 | L36: 31 | M36: 209.8 | N36: 80 | O36: 172.9 | P36: =+P35+1 -> 129 | Q36: 167.1 | R36: 178 | S36: 207.4
A37: 32 | B37: 201.4 | C37: 81 | D37: 205.3 | E37: =+E36+1 -> 130 | F37: 210.1 | G37: 179 | H37: 211.9 | L37: 32 | M37: 201.4 | N37: 81 | O37: 205.3 | P37: =+P36+1 -> 130 | Q37: 210.1 | R37: 179 | S37: 211.9
A38: 33 | B38: 188.2 | C38: 82 | D38: 173.5 | E38: =+E37+1 -> 131 | F38: 187.9 | G38: 180 | H38: 198.7 | L38: 33 | M38: 188.2 | N38: 82 | O38: 173.5 | P38: =+P37+1 -> 131 | Q38: 187.9 | R38: 180 | S38: 198.7
A39: 34 | B39: 207.4 | C39: 83 | D39: 210.4 | E39: =+E38+1 -> 132 | F39: 204.2 | G39: 181 | H39: 169.4 | L39: 34 | M39: 207.4 | N39: 83 | O39: 210.4 | P39: =+P38+1 -> 132 | Q39: 204.2 | R39: 181 | S39: 169.4
A40: 35 | B40: 190 | C40: 84 | D40: 186.4 | E40: =+E39+1 -> 133 | F40: 207.4 | G40: 182 | H40: 204 | L40: 35 | M40: 190 | N40: 84 | O40: 186.4 | P40: =+P39+1 -> 133 | Q40: 207.4 | R40: 182 | S40: 204
A41: 36 | B41: 208.6 | C41: 85 | D41: 204.6 | E41: =+E40+1 -> 134 | F41: 188.7 | G41: 183 | H41: 185.3 | L41: 36 | M41: 208.6 | N41: 85 | O41: 204.6 | P41: =+P40+1 -> 134 | Q41: 188.7 | R41: 183 | S41: 185.3
... A54: 49 | B54: 189.1 | C54: 98 | D54: 209.2 | E54: =+E53+1 -> 147 | F54: 207.6 | G54: 196 | H54: 215.5 | L54: 49 | M54: 189.1 | N54: 98 | O54: 209.2 | P54: =+P53+1 -> 147 | Q54: 207.6 | R54: 196 | S54: 215.5
B55: =SUM(B6:B54) -> 9768.3 | D55: =SUM(D6:D54) -> 9666.4 | F55: =SUM(F6:F54) -> 9533.2 | H55: =SUM(H6:H54) -> 9499.9 | J55: =SUM(J6:J54) -> 4619.4 | M55: =SUM(M6:M54) -> 9768.3 | O55: =SUM(O6:O54) -> 9666.4 | Q55: =SUM(Q6:Q54) -> 9533.2 | S55: =SUM(S6:S54) -> 9499.9 | U55: =SUM(U6:U54) -> 4619.4
A56: Итого кип | B56: =COUNT(B6:B54,D6:D54,F6:F54,H6:H54,J6:J54) -> 220 | C56: Масса брутто | E56: =B55+D55+F55+H55+J55 -> 43087.2 | F56: Тары | G56: =B56*2.2 -> 484 | H56: Масса нетто | J56: =E56-G56 -> 42603.2 | L56: Итого кип | M56: =COUNT(M6:M54,O6:O54,Q6:Q54,S6:S54,U6:U54) -> 220 | N56: Масса брутто | P56: =M55+O55+Q55+S55+U55 -> 43087.2 | Q56: Тары | R56: =M56*2.2 -> 484 | S56: Масса нетто | U56: =P56-R56 -> 42603.2
A57: Лаборант: | L57: Лаборант:
F59: Тара | G59: 2.2 | Q59: Тара | R59: 2.2

Sheet 226
A1: Акт покипного отвеса | L1: Акт покипного отвеса | W1: Акт покипного отвеса
A2: Лаборатория: хлопзавод при ООО "Navbahor Tekstil" | L2: Лаборатория: хлопзавод при ООО "Navbahor Tekstil" | W2: Лаборатория: хлопзавод при ООО "Navbahor Tekstil"
A3: Марка № | B3: 226 | I3: Корхона олди | L3: Марка № | M3: 226 | T3: Корхона олди | W3: Марка № | X3: 226 | AE3: Корхона олди
I4: Жами | T4: 1 яхши | AE4: 1 урта
A5: № | B5: Масса | C5: № | D5: Масса | E5: № | F5: Масса | G5: № | H5: Масса | I5: № | J5: Масса | L5: № | M5: Масса | N5: № | O5: Масса | P5: № | Q5: Масса | R5: № | S5: Масса | T5: № | U5: Масса | W5: № | X5: Масса | Y5: № | Z5: Масса | AA5: № | AB5: Масса | AC5: № | AD5: Масса | AE5: № | AF5: Масса
A6: 1 | B6: 195.1 | C6: 50 | D6: 201.3 | E6: 99 | F6: 198.7 | G6: 148 | H6: 204.3 | I6: 197 | J6: 176.8 | L6: 1 | M6: 195.1 | N6: 50 | O6: 201.3 | P6: 99 | Q6: 198.7 | R6: 148 | T6: 197 | W6: 1 | Y6: 50 | AA6: 99 | AC6: 148 | AD6: 204.3 | AE6: 197 | AF6: 176.8
A7: 2 | B7: 202.3 | C7: 51 | D7: 153.4 | E7: 100 | F7: 179.2 | G7: 149 | H7: 183.4 | I7: 198 | J7: 211.4 | L7: 2 | M7: 202.3 | N7: 51 | P7: 100 | Q7: 179.2 | R7: 149 | T7: 198 | W7: 2 | Y7: 51 | Z7: 153.4 | AA7: 100 | AC7: 149 | AD7: 183.4 | AE7: 198 | AF7: 211.4
A8: 3 | B8: 192.5 | C8: 52 | D8: 201 | E8: =+E7+1 -> 101 | F8: 170 | G8: 150 | H8: 208.2 | I8: 199 | J8: 202.6 | L8: 3 | M8: 192.5 | N8: 52 | P8: =+P7+1 -> 101 | Q8: 170 | R8: 150 | T8: 199 | W8: 3 | Y8: 52 | Z8: 201 | AA8: =+AA7+1 -> 101 | AC8: 150 | AD8: 208.2 | AE8: 199 | AF8: 202.6
A9: 4 | B9: 198.2 | C9: 53 | D9: 202.8 | E9: =+E8+1 -> 102 | F9: 201.3 | G9: 151 | H9: 170.1 | I9: 200 | J9: 207.2 | L9: 4 | M9: 198.2 | N9: 53 | P9: =+P8+1 -> 102 | Q9: 201.3 | R9: 151 | T9: 200 | W9: 4 | Y9: 53 | Z9: 202.8 | AA9: =+AA8+1 -> 102 | AC9: 151 | AD9: 170.1 | AE9: 200 | AF9: 207.2
A10: 5 | B10: 200 | C10: 54 | D10: 190 | E10: =+E9+1 -> 103 | F10: 174.5 | G10: 152 | H10: 205.5 | I10: 201 | J10: 202.1 | L10: 5 | M10: 200 | N10: 54 | P10: =+P9+1 -> 103 | Q10: 174.5 | R10: 152 | T10: 201 | W10: 5 | Y10: 54 | Z10: 190 | AA10: =+AA9+1 -> 103 | AC10: 152 | AD10: 205.5 | AE10: 201 | AF10: 202.1
A11: 6 | B11: 187.6 | C11: 55 | D11: 207 | E11: =+E10+1 -> 104 | F11: 208.1 | G11: 153 | H11: 204.4 | I11: 202 | J11: 205.1 | L11: 6 | M11: 187.6 | N11: 55 | P11: =+P10+1 -> 104 | Q11: 208.1 | R11: 153 | T11: 202 | W11: 6 | Y11: 55 | Z11: 207 | AA11: =+AA10+1 -> 104 | AC11: 153 | AD11: 204.4 | AE11: 202 | AF11: 205.1
A12: 7 | B12: 200.3 | C12: 56 | D12: 171.8 | E12: =+E11+1 -> 105 | F12: 171.5 | G12: 154 | H12: 187.3 | I12: 203 | J12: 200.4 | L12: 7 | M12: 200.3 | N12: 56 | P12: =+P11+1 -> 105 | Q12: 171.5 | R12: 154 | T12: 203 | W12: 7 | Y12: 56 | Z12: 171.8 | AA12: =+AA11+1 -> 105 | AC12: 154 | AD12: 187.3 | AE12: 203 | AF12: 200.4
A13: 8 | B13: 184 | C13: 57 | D13: 203.5 | E13: =+E12+1 -> 106 | F13: 209.8 | G13: 155 | H13: 200.1 | I13: 204 | J13: 190.1 | L13: 8 | M13: 184 | N13: 57 | P13: =+P12+1 -> 106 | Q13: 209.8 | R13: 155 | T13: 204 | W13: 8 | Y13: 57 | Z13: 203.5 | AA13: =+AA12+1 -> 106 | AC13: 155 | AD13: 200.1 | AE13: 204 | AF13: 190.1
A14: 9 | B14: 203.4 | C14: 58 | D14: 205 | E14: =+E13+1 -> 107 | F14: 212 | G14: 156 | H14: 182 | I14: 205 | J14: 198.6 | L14: 9 | M14: 203.4 | N14: 58 | P14: =+P13+1 -> 107 | Q14: 212 | R14: 156 | T14: 205 | W14: 9 | Y14: 58 | Z14: 205 | AA14: =+AA13+1 -> 107 | AC14: 156 | AD14: 182 | AE14: 205 | AF14: 198.6
A15: 10 | B15: 205.9 | C15: 59 | D15: 206.2 | E15: =+E14+1 -> 108 | F15: 203.6 | G15: 157 | H15: 204.9 | I15: 206 | J15: 182.3 | L15: 10 | M15: 205.9 | N15: 59 | P15: =+P14+1 -> 108 | Q15: 203.6 | R15: 157 | T15: 206 | W15: 10 | Y15: 59 | Z15: 206.2 | AA15: =+AA14+1 -> 108 | AC15: 157 | AD15: 204.9 | AE15: 206 | AF15: 182.3
A16: 11 | B16: 198.8 | C16: 60 | D16: 175.2 | E16: =+E15+1 -> 109 | F16: 207.6 | G16: 158 | H16: 176.8 | I16: 207 | J16: 201.6 | L16: 11 | M16: 198.8 | N16: 60 | P16: =+P15+1 -> 109 | Q16: 207.6 | R16: 158 | T16: 207 | W16: 11 | Y16: 60 | Z16: 175.2 | AA16: =+AA15+1 -> 109 | AC16: 158 | AD16: 176.8 | AE16: 207 | AF16: 201.6
A17: 12 | B17: 202.9 | C17: 61 | D17: 199.6 | E17: =+E16+1 -> 110 | F17: 182.4 | G17: 159 | H17: 205.3 | I17: 208 | J17: 199.7 | L17: 12 | M17: 202.9 | N17: 61 | P17: =+P16+1 -> 110 | Q17: 182.4 | R17: 159 | T17: 208 | W17: 12 | Y17: 61 | Z17: 199.6 | AA17: =+AA16+1 -> 110 | AC17: 159 | AD17: 205.3 | AE17: 208 | AF17: 199.7
A18: 13 | B18: 191 | C18: 62 | D18: 201.5 | E18: =+E17+1 -> 111 | F18: 204.7 | G18: 160 | H18: 173.1 | I18: 209 | J18: 199.2 | L18: 13 | M18: 191 | N18: 62 | P18: =+P17+1 -> 111 | Q18: 204.7 | R18: 160 | T18: 209 | W18: 13 | Y18: 62 | Z18: 201.5 | AA18: =+AA17+1 -> 111 | AC18: 160 | AD18: 173.1 | AE18: 209 | AF18: 199.2
A19: 14 | B19: 207.1 | C19: 63 | D19: 182.2 | E19: =+E18+1 -> 112 | F19: 200.5 | G19: 161 | H19: 200.3 | I19: 210 | J19: 201.7 | L19: 14 | M19: 207.1 | N19: 63 | P19: =+P18+1 -> 112 | Q19: 200.5 | R19: 161 | T19: 210 | W19: 14 | Y19: 63 | Z19: 182.2 | AA19: =+AA18+1 -> 112 | AC19: 161 | AD19: 200.3 | AE19: 210 | AF19: 201.7
... A29: 24 | B29: 180.5 | C29: 73 | D29: 185.1 | E29: =+E28+1 -> 122 | F29: 204 | G29: 171 | H29: 199.2 | I29: 220 | J29: 209.8 | L29: 24 | M29: 180.5 | N29: 73 | P29: =+P28+1 -> 122 | Q29: 204 | R29: 171 | T29: 220 | W29: 24 | Y29: 73 | Z29: 185.1 | AA29: =+AA28+1 -> 122 | AC29: 171 | AD29: 199.2 | AE29: 220 | AF29: 209.8
A30: 25 | B30: 200.1 | C30: 74 | D30: 197.5 | E30: =+E29+1 -> 123 | F30: 184.9 | G30: 172 | H30: 193.5 | L30: 25 | M30: 200.1 | N30: 74 | P30: =+P29+1 -> 123 | Q30: 184.9 | R30: 172 | W30: 25 | Y30: 74 | Z30: 197.5 | AA30: =+AA29+1 -> 123 | AC30: 172 | AD30: 193.5
A31: 26 | B31: 175.4 | C31: 75 | D31: 188.8 | E31: =+E30+1 -> 124 | F31: 209.2 | G31: 173 | H31: 201.6 | L31: 26 | M31: 175.4 | N31: 75 | P31: =+P30+1 -> 124 | Q31: 209.2 | R31: 173 | W31: 26 | Y31: 75 | Z31: 188.8 | AA31: =+AA30+1 -> 124 | AC31: 173 | AD31: 201.6
A32: 27 | B32: 194.8 | C32: 76 | D32: 199.9 | E32: =+E31+1 -> 125 | F32: 177.6 | G32: 174 | H32: 190.2 | L32: 27 | M32: 194.8 | N32: 76 | P32: =+P31+1 -> 125 | Q32: 177.6 | R32: 174 | W32: 27 | Y32: 76 | Z32: 199.9 | AA32: =+AA31+1 -> 125 | AC32: 174 | AD32: 190.2
A33: 28 | B33: 179.4 | C33: 77 | D33: 201.3 | E33: =+E32+1 -> 126 | F33: 201.6 | G33: 175 | H33: 205.3 | L33: 28 | M33: 179.4 | N33: 77 | P33: =+P32+1 -> 126 | Q33: 201.6 | R33: 175 | W33: 28 | Y33: 77 | Z33: 201.3 | AA33: =+AA32+1 -> 126 | AC33: 175 | AD33: 205.3
A34: 29 | B34: 202.8 | C34: 78 | D34: 203.7 | E34: =+E33+1 -> 127 | F34: 184.1 | G34: 176 | H34: 166.1 | L34: 29 | M34: 202.8 | N34: 78 | P34: =+P33+1 -> 127 | Q34: 184.1 | R34: 176 | W34: 29 | Y34: 78 | Z34: 203.7 | AA34: =+AA33+1 -> 127 | AC34: 176 | AD34: 166.1
A35: 30 | B35: 198.8 | C35: 79 | D35: 197.2 | E35: =+E34+1 -> 128 | F35: 205.5 | G35: 177 | H35: 204.9 | L35: 30 | M35: 198.8 | N35: 79 | P35: =+P34+1 -> 128 | Q35: 205.5 | R35: 177 | W35: 30 | Y35: 79 | Z35: 197.2 | AA35: =+AA34+1 -> 128 | AC35: 177 | AD35: 204.9
A36: 31 | B36: 181.8 | C36: 80 | D36: 176.7 | E36: =+E35+1 -> 129 | F36: 202.8 | G36: 178 | H36: 168.7 | L36: 31 | M36: 181.8 | N36: 80 | P36: =+P35+1 -> 129 | Q36: 202.8 | R36: 178 | W36: 31 | Y36: 80 | Z36: 176.7 | AA36: =+AA35+1 -> 129 | AC36: 178 | AD36: 168.7
A37: 32 | B37: 205.2 | C37: 81 | D37: 197.3 | E37: =+E36+1 -> 130 | F37: 181.8 | G37: 179 | H37: 207.3 | L37: 32 | M37: 205.2 | N37: 81 | P37: =+P36+1 -> 130 | Q37: 181.8 | R37: 179 | W37: 32 | Y37: 81 | Z37: 197.3 | AA37: =+AA36+1 -> 130 | AC37: 179 | AD37: 207.3
A38: 33 | B38: 206.1 | C38: 82 | D38: 197.9 | E38: =+E37+1 -> 131 | F38: 208 | G38: 180 | H38: 197.5 | L38: 33 | M38: 206.1 | N38: 82 | P38: =+P37+1 -> 131 | Q38: 208 | R38: 180 | W38: 33 | Y38: 82 | Z38: 197.9 | AA38: =+AA37+1 -> 131 | AC38: 180 | AD38: 197.5
A39: 34 | B39: 190.3 | C39: 83 | D39: 193.6 | E39: =+E38+1 -> 132 | F39: 170.2 | G39: 181 | H39: 206.5 | L39: 34 | M39: 190.3 | N39: 83 | P39: =+P38+1 -> 132 | Q39: 170.2 | R39: 181 | W39: 34 | Y39: 83 | Z39: 193.6 | AA39: =+AA38+1 -> 132 | AC39: 181 | AD39: 206.5
A40: 35 | B40: 202.9 | C40: 84 | D40: 202.7 | E40: =+E39+1 -> 133 | F40: 204.3 | G40: 182 | H40: 185.1 | L40: 35 | M40: 202.9 | N40: 84 | P40: =+P39+1 -> 133 | Q40: 204.3 | R40: 182 | W40: 35 | Y40: 84 | Z40: 202.7 | AA40: =+AA39+1 -> 133 | AC40: 182 | AD40: 185.1
A41: 36 | B41: 172 | C41: 85 | D41: 190 | E41: =+E40+1 -> 134 | F41: 208.9 | G41: 183 | H41: 206 | L41: 36 | M41: 172 | N41: 85 | P41: =+P40+1 -> 134 | Q41: 208.9 | R41: 183 | W41: 36 | Y41: 85 | Z41: 190 | AA41: =+AA40+1 -> 134 | AC41: 183 | AD41: 206
... A46: 41 | B46: 195.9 | C46: 90 | D46: 201.4 | E46: =+E45+1 -> 139 | F46: 201.9 | G46: 188 | H46: 206 | L46: 41 | M46: 195.9 | N46: 90 | P46: =+P45+1 -> 139 | Q46: 201.9 | R46: 188 | W46: 41 | Y46: 90 | Z46: 201.4 | AA46: =+AA45+1 -> 139 | AC46: 188 | AD46: 206
A47: 42 | B47: 201.1 | C47: 91 | D47: 206.6 | E47: =+E46+1 -> 140 | F47: 177.3 | G47: 189 | H47: 187.4 | L47: 42 | M47: 201.1 | N47: 91 | O47: 206.6 | P47: =+P46+1 -> 140 | Q47: 177.3 | R47: 189 | W47: 42 | Y47: 91 | AA47: =+AA46+1 -> 140 | AC47: 189 | AD47: 187.4
A48: 43 | B48: 207.3 | C48: 92 | D48: 179 | E48: =+E47+1 -> 141 | F48: 203.4 | G48: 190 | H48: 196.6 | L48: 43 | M48: 207.3 | N48: 92 | O48: 179 | P48: =+P47+1 -> 141 | Q48: 203.4 | R48: 190 | W48: 43 | Y48: 92 | AA48: =+AA47+1 -> 141 | AC48: 190 | AD48: 196.6
A49: 44 | B49: 172.1 | C49: 93 | D49: 209 | E49: =+E48+1 -> 142 | F49: 194.1 | G49: 191 | H49: 182.3 | L49: 44 | M49: 172.1 | N49: 93 | O49: 209 | P49: =+P48+1 -> 142 | R49: 191 | W49: 44 | Y49: 93 | AA49: =+AA48+1 -> 142 | AB49: 194.1 | AC49: 191 | AD49: 182.3
A50: 45 | B50: 211.3 | C50: 94 | D50: 199.3 | E50: =+E49+1 -> 143 | F50: 203.7 | G50: 192 | H50: 203.1 | L50: 45 | M50: 211.3 | N50: 94 | O50: 199.3 | P50: =+P49+1 -> 143 | R50: 192 | W50: 45 | Y50: 94 | AA50: =+AA49+1 -> 143 | AB50: 203.7 | AC50: 192 | AD50: 203.1
A51: 46 | B51: 201.3 | C51: 95 | D51: 170.7 | E51: =+E50+1 -> 144 | F51: 204.8 | G51: 193 | H51: 200.1 | L51: 46 | M51: 201.3 | N51: 95 | O51: 170.7 | P51: =+P50+1 -> 144 | R51: 193 | W51: 46 | Y51: 95 | AA51: =+AA50+1 -> 144 | AB51: 204.8 | AC51: 193 | AD51: 200.1
A52: 47 | B52: 205.8 | C52: 96 | D52: 204.4 | E52: =+E51+1 -> 145 | F52: 179.8 | G52: 194 | H52: 202.3 | L52: 47 | M52: 205.8 | N52: 96 | O52: 204.4 | P52: =+P51+1 -> 145 | R52: 194 | W52: 47 | Y52: 96 | AA52: =+AA51+1 -> 145 | AB52: 179.8 | AC52: 194 | AD52: 202.3
A53: 48 | B53: 206.4 | C53: 97 | D53: 198.1 | E53: =+E52+1 -> 146 | F53: 201 | G53: 195 | H53: 206.8 | L53: 48 | M53: 206.4 | N53: 97 | O53: 198.1 | P53: =+P52+1 -> 146 | R53: 195 | W53: 48 | Y53: 97 | AA53: =+AA52+1 -> 146 | AB53: 201 | AC53: 195 | AD53: 206.8
A54: 49 | B54: 183.3 | C54: 98 | D54: 206.4 | E54: =+E53+1 -> 147 | F54: 167.3 | G54: 196 | H54: 205.3 | L54: 49 | M54: 183.3 | N54: 98 | O54: 206.4 | P54: =+P53+1 -> 147 | R54: 196 | W54: 49 | Y54: 98 | AA54: =+AA53+1 -> 147 | AB54: 167.3 | AC54: 196 | AD54: 205.3
B55: =SUM(B6:B54) -> 9602.7 | D55: =SUM(D6:D54) -> 9586.8 | F55: =SUM(F6:F54) -> 9543.4 | H55: =SUM(H6:H54) -> 9616.4 | J55: =SUM(J6:J54) -> 4755.3 | M55: =SUM(M6:M54) -> 9602.7 | O55: =SUM(O6:O54) -> 1774.8 | Q55: =SUM(Q6:Q54) -> 8392.7 | S55: =SUM(S6:S54) -> 0 | U55: =SUM(U6:U54) -> 0 | X55: =SUM(X6:X54) -> 0 | Z55: =SUM(Z6:Z54) -> 7812 | AB55: =SUM(AB6:AB54) -> 1150.7 | AD55: =SUM(AD6:AD54) -> 9616.4 | AF55: =SUM(AF6:AF54) -> 4755.3
A56: Итого кип | B56: =COUNT(B6:B54,D6:D54,F6:F54,H6:H54,J6:J54) -> 220 | C56: Масса брутто | E56: =B55+D55+F55+H55+J55 -> 43104.6 | F56: Тары | G56: =B56*2.2 -> 484 | H56: Масса нетто | J56: =E56-G56 -> 42620.6 | L56: Итого кип | M56: =COUNT(M6:M54,O6:O54,Q6:Q54,S6:S54,U6:U54) -> 101 | N56: Масса брутто | P56: =M55+O55+Q55+S55+U55 -> 19770.2 | Q56: Тары | R56: =M56*2.2 -> 222.2 | S56: Масса нетто | U56: =P56-R56 -> 19548 | W56: Итого кип | X56: =COUNT(X6:X54,Z6:Z54,AB6:AB54,AD6:AD54,AF6:AF54) -> 119 | Y56: Масса брутто | AA56: =X55+Z55+AB55+AD55+AF55 -> 23334.4 | AB56: Тары | AC56: =X56*2.2 -> 261.8 | AD56: Масса нетто | AF56: =AA56-AC56 -> 23072.6
A57: Лаборант: | L57: Лаборант: | W57: Лаборант:
B58: =M56+X56 -> 220 | E58: =P56+AA56 -> 43104.6 | J58: =U56+AF56 -> 42620.6
F59: Тара | G59: 2.2 | Q59: Тара | R59: 2.2 | AB59: Тара | AC59: 2.2

Sheet 225
A1: Акт покипного отвеса | L1: Акт покипного отвеса | W1: Акт покипного отвеса
A2: Лаборатория: хлопзавод при ООО "Navbahor Tekstil" | L2: Лаборатория: хлопзавод при ООО "Navbahor Tekstil" | W2: Лаборатория: хлопзавод при ООО "Navbahor Tekstil"
A3: Марка № | B3: 225 | I3: Корхона олди | L3: Марка № | M3: 225 | T3: Корхона олди | W3: Марка № | X3: 225 | AE3: Корхона олди
I4: Жами | T4: 1 яхши | AE4: 1 урта
A5: № | B5: Масса | C5: № | D5: Масса | E5: № | F5: Масса | G5: № | H5: Масса | I5: № | J5: Масса | L5: № | M5: Масса | N5: № | O5: Масса | P5: № | Q5: Масса | R5: № | S5: Масса | T5: № | U5: Масса | W5: № | X5: Масса | Y5: № | Z5: Масса | AA5: № | AB5: Масса | AC5: № | AD5: Масса | AE5: № | AF5: Масса
A6: 1 | B6: 191.1 | C6: 50 | D6: 198.6 | E6: 99 | F6: 198.5 | G6: 148 | H6: 201 | I6: 197 | J6: 210.8 | L6: 1 | M6: 191.1 | N6: 50 | O6: 198.6 | P6: 99 | R6: 148 | T6: 197 | U6: 210.8 | W6: 1 | Y6: 50 | AA6: 99 | AB6: 198.5 | AC6: 148 | AD6: 201 | AE6: 197
A7: 2 | B7: 207.2 | C7: 51 | D7: 203.6 | E7: 100 | F7: 200.5 | G7: 149 | H7: 196.6 | I7: 198 | J7: 200.1 | L7: 2 | M7: 207.2 | N7: 51 | O7: 203.6 | P7: 100 | R7: 149 | T7: 198 | U7: 200.1 | W7: 2 | Y7: 51 | AA7: 100 | AB7: 200.5 | AC7: 149 | AD7: 196.6 | AE7: 198
A8: 3 | B8: 199.8 | C8: 52 | D8: 196.7 | E8: =+E7+1 -> 101 | F8: 180.7 | G8: 150 | H8: 192.9 | I8: 199 | J8: 202.6 | L8: 3 | M8: 199.8 | N8: 52 | O8: 196.7 | P8: =+P7+1 -> 101 | R8: 150 | T8: 199 | U8: 202.6 | W8: 3 | Y8: 52 | AA8: =+AA7+1 -> 101 | AB8: 180.7 | AC8: 150 | AD8: 192.9 | AE8: 199
A9: 4 | B9: 201.4 | C9: 53 | D9: 196.7 | E9: =+E8+1 -> 102 | F9: 202.1 | G9: 151 | H9: 200.6 | I9: 200 | J9: 193.3 | L9: 4 | M9: 201.4 | N9: 53 | O9: 196.7 | P9: =+P8+1 -> 102 | R9: 151 | T9: 200 | U9: 193.3 | W9: 4 | Y9: 53 | AA9: =+AA8+1 -> 102 | AB9: 202.1 | AC9: 151 | AD9: 200.6 | AE9: 200
A10: 5 | B10: 193.6 | C10: 54 | D10: 202.1 | E10: =+E9+1 -> 103 | F10: 202.2 | G10: 152 | H10: 196.4 | I10: 201 | J10: 199.7 | L10: 5 | M10: 193.6 | N10: 54 | O10: 202.1 | P10: =+P9+1 -> 103 | R10: 152 | T10: 201 | U10: 199.7 | W10: 5 | Y10: 54 | AA10: =+AA9+1 -> 103 | AB10: 202.2 | AC10: 152 | AD10: 196.4 | AE10: 201
A11: 6 | B11: 191.3 | C11: 55 | D11: 199.7 | E11: =+E10+1 -> 104 | F11: 187.2 | G11: 153 | H11: 189.2 | I11: 202 | J11: 196.8 | L11: 6 | M11: 191.3 | N11: 55 | O11: 199.7 | P11: =+P10+1 -> 104 | R11: 153 | T11: 202 | U11: 196.8 | W11: 6 | Y11: 55 | AA11: =+AA10+1 -> 104 | AB11: 187.2 | AC11: 153 | AD11: 189.2 | AE11: 202
A12: 7 | B12: 205.3 | C12: 56 | D12: 205.1 | E12: =+E11+1 -> 105 | F12: 199.7 | G12: 154 | H12: 199.6 | I12: 203 | J12: 208.8 | L12: 7 | M12: 205.3 | N12: 56 | O12: 205.1 | P12: =+P11+1 -> 105 | R12: 154 | T12: 203 | U12: 208.8 | W12: 7 | Y12: 56 | AA12: =+AA11+1 -> 105 | AB12: 199.7 | AC12: 154 | AD12: 199.6 | AE12: 203
A13: 8 | B13: 202 | C13: 57 | D13: 204.8 | E13: =+E12+1 -> 106 | F13: 165.6 | G13: 155 | H13: 200.5 | I13: 204 | J13: 179.7 | L13: 8 | M13: 202 | N13: 57 | O13: 204.8 | P13: =+P12+1 -> 106 | R13: 155 | T13: 204 | U13: 179.7 | W13: 8 | Y13: 57 | AA13: =+AA12+1 -> 106 | AB13: 165.6 | AC13: 155 | AD13: 200.5 | AE13: 204
A14: 9 | B14: 197.1 | C14: 58 | D14: 201.7 | E14: =+E13+1 -> 107 | F14: 196.3 | G14: 156 | H14: 197 | I14: 205 | J14: 210.3 | L14: 9 | M14: 197.1 | N14: 58 | O14: 201.7 | P14: =+P13+1 -> 107 | R14: 156 | T14: 205 | U14: 210.3 | W14: 9 | Y14: 58 | AA14: =+AA13+1 -> 107 | AB14: 196.3 | AC14: 156 | AD14: 197 | AE14: 205
A15: 10 | B15: 193.6 | C15: 59 | D15: 197.5 | E15: =+E14+1 -> 108 | F15: 199.7 | G15: 157 | H15: 206 | I15: 206 | J15: 203.8 | L15: 10 | M15: 193.6 | N15: 59 | O15: 197.5 | P15: =+P14+1 -> 108 | R15: 157 | T15: 206 | U15: 203.8 | W15: 10 | Y15: 59 | AA15: =+AA14+1 -> 108 | AB15: 199.7 | AC15: 157 | AD15: 206 | AE15: 206
A16: 11 | B16: 196.2 | C16: 60 | D16: 221.3 | E16: =+E15+1 -> 109 | F16: 184.9 | G16: 158 | H16: 197.6 | I16: 207 | J16: 196.3 | L16: 11 | M16: 196.2 | N16: 60 | O16: 221.3 | P16: =+P15+1 -> 109 | R16: 158 | T16: 207 | U16: 196.3 | W16: 11 | Y16: 60 | AA16: =+AA15+1 -> 109 | AB16: 184.9 | AC16: 158 | AD16: 197.6 | AE16: 207
A17: 12 | B17: 203.2 | C17: 61 | D17: 210.4 | E17: =+E16+1 -> 110 | F17: 203.5 | G17: 159 | H17: 207.7 | I17: 208 | J17: 207.2 | L17: 12 | M17: 203.2 | N17: 61 | O17: 210.4 | P17: =+P16+1 -> 110 | R17: 159 | T17: 208 | U17: 207.2 | W17: 12 | Y17: 61 | AA17: =+AA16+1 -> 110 | AB17: 203.5 | AC17: 159 | AD17: 207.7 | AE17: 208
A18: 13 | B18: 201.1 | C18: 62 | D18: 207.4 | E18: =+E17+1 -> 111 | F18: 187.8 | G18: 160 | H18: 201.5 | I18: 209 | J18: 208.7 | L18: 13 | M18: 201.1 | N18: 62 | O18: 207.4 | P18: =+P17+1 -> 111 | R18: 160 | T18: 209 | U18: 208.7 | W18: 13 | Y18: 62 | AA18: =+AA17+1 -> 111 | AB18: 187.8 | AC18: 160 | AD18: 201.5 | AE18: 209
A19: 14 | B19: 207 | C19: 63 | D19: 193.6 | E19: =+E18+1 -> 112 | F19: 201.9 | G19: 161 | H19: 199.8 | I19: 210 | J19: 195.4 | L19: 14 | M19: 207 | N19: 63 | O19: 193.6 | P19: =+P18+1 -> 112 | R19: 161 | T19: 210 | U19: 195.4 | W19: 14 | Y19: 63 | AA19: =+AA18+1 -> 112 | AB19: 201.9 | AC19: 161 | AD19: 199.8 | AE19: 210
... A27: 22 | B27: 204.2 | C27: 71 | D27: 200.8 | E27: =+E26+1 -> 120 | F27: 183.2 | G27: 169 | H27: 201.5 | I27: 218 | J27: 202.8 | L27: 22 | M27: 204.2 | N27: 71 | O27: 200.8 | P27: =+P26+1 -> 120 | R27: 169 | T27: 218 | U27: 202.8 | W27: 22 | Y27: 71 | AA27: =+AA26+1 -> 120 | AB27: 183.2 | AC27: 169 | AD27: 201.5 | AE27: 218
A28: 23 | B28: 201.7 | C28: 72 | D28: 203.9 | E28: =+E27+1 -> 121 | F28: 199.1 | G28: 170 | H28: 204.4 | I28: 219 | J28: 185 | L28: 23 | M28: 201.7 | N28: 72 | O28: 203.9 | P28: =+P27+1 -> 121 | R28: 170 | S28: 204.4 | T28: 219 | U28: 185 | W28: 23 | Y28: 72 | AA28: =+AA27+1 -> 121 | AB28: 199.1 | AC28: 170 | AE28: 219
A29: 24 | B29: 203.2 | C29: 73 | D29: 198.8 | E29: =+E28+1 -> 122 | F29: 178 | G29: 171 | H29: 203 | I29: 220 | J29: 206.8 | L29: 24 | M29: 203.2 | N29: 73 | O29: 198.8 | P29: =+P28+1 -> 122 | R29: 171 | S29: 203 | T29: 220 | U29: 206.8 | W29: 24 | Y29: 73 | AA29: =+AA28+1 -> 122 | AB29: 178 | AC29: 171 | AE29: 220
A30: 25 | B30: 194.6 | C30: 74 | D30: 200.7 | E30: =+E29+1 -> 123 | F30: 197.2 | G30: 172 | H30: 203.6 | L30: 25 | M30: 194.6 | N30: 74 | O30: 200.7 | P30: =+P29+1 -> 123 | R30: 172 | S30: 203.6 | W30: 25 | Y30: 74 | AA30: =+AA29+1 -> 123 | AB30: 197.2 | AC30: 172
A31: 26 | B31: 193 | C31: 75 | D31: 202.1 | E31: =+E30+1 -> 124 | F31: 191.6 | G31: 173 | H31: 195.8 | L31: 26 | M31: 193 | N31: 75 | O31: 202.1 | P31: =+P30+1 -> 124 | R31: 173 | S31: 195.8 | W31: 26 | Y31: 75 | AA31: =+AA30+1 -> 124 | AB31: 191.6 | AC31: 173
A32: 27 | B32: 204.5 | C32: 76 | D32: 198.3 | E32: =+E31+1 -> 125 | F32: 201.9 | G32: 174 | H32: 195.4 | L32: 27 | M32: 204.5 | N32: 76 | O32: 198.3 | P32: =+P31+1 -> 125 | R32: 174 | S32: 195.4 | W32: 27 | Y32: 76 | AA32: =+AA31+1 -> 125 | AB32: 201.9 | AC32: 174
A33: 28 | B33: 197.4 | C33: 77 | D33: 209 | E33: =+E32+1 -> 126 | F33: 198.2 | G33: 175 | H33: 181 | L33: 28 | M33: 197.4 | N33: 77 | O33: 209 | P33: =+P32+1 -> 126 | R33: 175 | S33: 181 | W33: 28 | Y33: 77 | AA33: =+AA32+1 -> 126 | AB33: 198.2 | AC33: 175
A34: 29 | B34: 201.3 | C34: 78 | D34: 202.9 | E34: =+E33+1 -> 127 | F34: 191.5 | G34: 176 | H34: 205.4 | L34: 29 | M34: 201.3 | N34: 78 | O34: 202.9 | P34: =+P33+1 -> 127 | R34: 176 | S34: 205.4 | W34: 29 | Y34: 78 | AA34: =+AA33+1 -> 127 | AB34: 191.5 | AC34: 176
A35: 30 | B35: 197.4 | C35: 79 | D35: 204.4 | E35: =+E34+1 -> 128 | F35: 201.1 | G35: 177 | H35: 201.4 | L35: 30 | M35: 197.4 | N35: 79 | P35: =+P34+1 -> 128 | R35: 177 | S35: 201.4 | W35: 30 | Y35: 79 | Z35: 204.4 | AA35: =+AA34+1 -> 128 | AB35: 201.1 | AC35: 177
A36: 31 | B36: 208.1 | C36: 80 | D36: 201.6 | E36: =+E35+1 -> 129 | F36: 203.4 | G36: 178 | H36: 196.3 | L36: 31 | M36: 208.1 | N36: 80 | P36: =+P35+1 -> 129 | R36: 178 | S36: 196.3 | W36: 31 | Y36: 80 | Z36: 201.6 | AA36: =+AA35+1 -> 129 | AB36: 203.4 | AC36: 178
A37: 32 | B37: 203 | C37: 81 | D37: 198.2 | E37: =+E36+1 -> 130 | F37: 180 | G37: 179 | H37: 201.8 | L37: 32 | M37: 203 | N37: 81 | P37: =+P36+1 -> 130 | R37: 179 | S37: 201.8 | W37: 32 | Y37: 81 | Z37: 198.2 | AA37: =+AA36+1 -> 130 | AB37: 180 | AC37: 179
A38: 33 | B38: 196 | C38: 82 | D38: 171.3 | E38: =+E37+1 -> 131 | F38: 202.4 | G38: 180 | H38: 206.3 | L38: 33 | M38: 196 | N38: 82 | P38: =+P37+1 -> 131 | R38: 180 | S38: 206.3 | W38: 33 | Y38: 82 | Z38: 171.3 | AA38: =+AA37+1 -> 131 | AB38: 202.4 | AC38: 180
A39: 34 | B39: 200.2 | C39: 83 | D39: 197.7 | E39: =+E38+1 -> 132 | F39: 202.1 | G39: 181 | H39: 201.9 | L39: 34 | M39: 200.2 | N39: 83 | P39: =+P38+1 -> 132 | R39: 181 | S39: 201.9 | W39: 34 | Y39: 83 | Z39: 197.7 | AA39: =+AA38+1 -> 132 | AB39: 202.1 | AC39: 181
A40: 35 | B40: 197.1 | C40: 84 | D40: 200.3 | E40: =+E39+1 -> 133 | F40: 204.3 | G40: 182 | H40: 199.6 | L40: 35 | M40: 197.1 | N40: 84 | P40: =+P39+1 -> 133 | R40: 182 | S40: 199.6 | W40: 35 | Y40: 84 | Z40: 200.3 | AA40: =+AA39+1 -> 133 | AB40: 204.3 | AC40: 182
A41: 36 | B41: 198.5 | C41: 85 | D41: 211.7 | E41: =+E40+1 -> 134 | F41: 200.2 | G41: 183 | H41: 202.1 | L41: 36 | M41: 198.5 | N41: 85 | P41: =+P40+1 -> 134 | R41: 183 | S41: 202.1 | W41: 36 | Y41: 85 | Z41: 211.7 | AA41: =+AA40+1 -> 134 | AB41: 200.2 | AC41: 183
A42: 37 | B42: 199.4 | C42: 86 | D42: 202.5 | E42: =+E41+1 -> 135 | F42: 206.7 | G42: 184 | H42: 204.9 | L42: 37 | M42: 199.4 | N42: 86 | P42: =+P41+1 -> 135 | R42: 184 | S42: 204.9 | W42: 37 | Y42: 86 | Z42: 202.5 | AA42: =+AA41+1 -> 135 | AB42: 206.7 | AC42: 184
A43: 38 | B43: 196.8 | C43: 87 | D43: 180.2 | E43: =+E42+1 -> 136 | F43: 199.4 | G43: 185 | H43: 202.2 | L43: 38 | M43: 196.8 | N43: 87 | P43: =+P42+1 -> 136 | R43: 185 | S43: 202.2 | W43: 38 | Y43: 87 | Z43: 180.2 | AA43: =+AA42+1 -> 136 | AB43: 199.4 | AC43: 185
A44: 39 | B44: 193.3 | C44: 88 | D44: 198.3 | E44: =+E43+1 -> 137 | F44: 194.6 | G44: 186 | H44: 205.8 | L44: 39 | M44: 193.3 | N44: 88 | P44: =+P43+1 -> 137 | R44: 186 | S44: 205.8 | W44: 39 | Y44: 88 | Z44: 198.3 | AA44: =+AA43+1 -> 137 | AB44: 194.6 | AC44: 186
A45: 40 | B45: 200.1 | C45: 89 | D45: 200.3 | E45: =+E44+1 -> 138 | F45: 164 | G45: 187 | H45: 165 | L45: 40 | M45: 200.1 | N45: 89 | P45: =+P44+1 -> 138 | R45: 187 | S45: 165 | W45: 40 | Y45: 89 | Z45: 200.3 | AA45: =+AA44+1 -> 138 | AB45: 164 | AC45: 187
A46: 41 | B46: 190.8 | C46: 90 | D46: 200.5 | E46: =+E45+1 -> 139 | F46: 202 | G46: 188 | H46: 203 | L46: 41 | M46: 190.8 | N46: 90 | P46: =+P45+1 -> 139 | R46: 188 | S46: 203 | W46: 41 | Y46: 90 | Z46: 200.5 | AA46: =+AA45+1 -> 139 | AB46: 202 | AC46: 188
... A54: 49 | B54: 194.6 | C54: 98 | D54: 178.6 | E54: =+E53+1 -> 147 | F54: 204.5 | G54: 196 | H54: 182.9 | L54: 49 | M54: 194.6 | N54: 98 | P54: =+P53+1 -> 147 | R54: 196 | S54: 182.9 | W54: 49 | Y54: 98 | Z54: 178.6 | AA54: =+AA53+1 -> 147 | AB54: 204.5 | AC54: 196
B55: =SUM(B6:B54) -> 9762.3 | D55: =SUM(D6:D54) -> 9754.6 | F55: =SUM(F6:F54) -> 9487.3 | H55: =SUM(H6:H54) -> 9740.9 | J55: =SUM(J6:J54) -> 4810.4 | M55: =SUM(M6:M54) -> 9762.3 | O55: =SUM(O6:O54) -> 5851.5 | Q55: =SUM(Q6:Q54) -> 0 | S55: =SUM(S6:S54) -> 5363.2 | U55: =SUM(U6:U54) -> 4810.4 | X55: =SUM(X6:X54) -> 0 | Z55: =SUM(Z6:Z54) -> 3903.1 | AB55: =SUM(AB6:AB54) -> 9487.3 | AD55: =SUM(AD6:AD54) -> 4377.7 | AF55: =SUM(AF6:AF54) -> 0
A56: Итого кип | B56: =COUNT(B6:B54,D6:D54,F6:F54,H6:H54,J6:J54) -> 220 | C56: Масса брутто | E56: =B55+D55+F55+H55+J55 -> 43555.5 | F56: Тары | G56: =B56*2.2 -> 484 | H56: Масса нетто | J56: =E56-G56 -> 43071.5 | L56: Итого кип | M56: =COUNT(M6:M54,O6:O54,Q6:Q54,S6:S54,U6:U54) -> 129 | N56: Масса брутто | P56: =M55+O55+Q55+S55+U55 -> 25787.4 | Q56: Тары | R56: =M56*2.2 -> 283.8 | S56: Масса нетто | U56: =P56-R56 -> 25503.6 | W56: Итого кип | X56: =COUNT(X6:X54,Z6:Z54,AB6:AB54,AD6:AD54,AF6:AF54) -> 91 | Y56: Масса брутто | AA56: =X55+Z55+AB55+AD55+AF55 -> 17768.1 | AB56: Тары | AC56: =X56*2.2 -> 200.2 | AD56: Масса нетто | AF56: =AA56-AC56 -> 17567.9
A57: Лаборант: | L57: Лаборант: | W57: Лаборант:
B58: =M56+X56 -> 220 | E58: =P56+AA56 -> 43555.5 | J58: =U56+AF56 -> 43071.5
F59: Тара | G59: 2.2 | Q59: Тара | R59: 2.2 | AB59: Тара | AC59: 2.2

Sheet 224
A1: Акт покипного отвеса | L1: Акт покипного отвеса
A2: Лаборатория: хлопзавод при ООО "Navbahor Tekstil" | L2: Лаборатория: хлопзавод при ООО "Navbahor Tekstil"
A3: Марка № | B3: 224 | I3: Корхона олди | L3: Марка № | M3: 224 | T3: Корхона олди
I4: Жами | T4: 1 урта
A5: № | B5: Масса | C5: № | D5: Масса | E5: № | F5: Масса | G5: № | H5: Масса | I5: № | J5: Масса | L5: № | M5: Масса | N5: № | O5: Масса | P5: № | Q5: Масса | R5: № | S5: Масса | T5: № | U5: Масса
A6: 1 | B6: 204.1 | C6: 50 | D6: 181.6 | E6: 99 | F6: 204.5 | G6: 148 | H6: 204.7 | I6: 197 | J6: 197.4 | L6: 1 | M6: 204.1 | N6: 50 | O6: 181.6 | P6: 99 | Q6: 204.5 | R6: 148 | S6: 204.7 | T6: 197 | U6: 197.4
A7: 2 | B7: 208.9 | C7: 51 | D7: 201.8 | E7: 100 | F7: 181.1 | G7: 149 | H7: 198.5 | I7: 198 | J7: 200.5 | L7: 2 | M7: 208.9 | N7: 51 | O7: 201.8 | P7: 100 | Q7: 181.1 | R7: 149 | S7: 198.5 | T7: 198 | U7: 200.5
A8: 3 | B8: 184.7 | C8: 52 | D8: 170.8 | E8: =+E7+1 -> 101 | F8: 201.1 | G8: 150 | H8: 197.3 | I8: 199 | J8: 196.8 | L8: 3 | M8: 184.7 | N8: 52 | O8: 170.8 | P8: =+P7+1 -> 101 | Q8: 201.1 | R8: 150 | S8: 197.3 | T8: 199 | U8: 196.8
A9: 4 | B9: 209.7 | C9: 53 | D9: 206.7 | E9: =+E8+1 -> 102 | F9: 203.9 | G9: 151 | H9: 201.4 | I9: 200 | J9: 200.4 | L9: 4 | M9: 209.7 | N9: 53 | O9: 206.7 | P9: =+P8+1 -> 102 | Q9: 203.9 | R9: 151 | S9: 201.4 | T9: 200 | U9: 200.4
A10: 5 | B10: 173.3 | C10: 54 | D10: 205.1 | E10: =+E9+1 -> 103 | F10: 172.2 | G10: 152 | H10: 198.2 | I10: 201 | J10: 202.5 | L10: 5 | M10: 173.3 | N10: 54 | O10: 205.1 | P10: =+P9+1 -> 103 | Q10: 172.2 | R10: 152 | S10: 198.2 | T10: 201 | U10: 202.5
A11: 6 | B11: 208.5 | C11: 55 | D11: 202.4 | E11: =+E10+1 -> 104 | F11: 207 | G11: 153 | H11: 202.9 | I11: 202 | J11: 200.4 | L11: 6 | M11: 208.5 | N11: 55 | O11: 202.4 | P11: =+P10+1 -> 104 | Q11: 207 | R11: 153 | S11: 202.9 | T11: 202 | U11: 200.4
A12: 7 | B12: 204.1 | C12: 56 | D12: 202.8 | E12: =+E11+1 -> 105 | F12: 174.8 | G12: 154 | H12: 200.4 | I12: 203 | J12: 204.1 | L12: 7 | M12: 204.1 | N12: 56 | O12: 202.8 | P12: =+P11+1 -> 105 | Q12: 174.8 | R12: 154 | S12: 200.4 | T12: 203 | U12: 204.1
A13: 8 | B13: 185.2 | C13: 57 | D13: 188.1 | E13: =+E12+1 -> 106 | F13: 173.3 | G13: 155 | H13: 205.5 | I13: 204 | J13: 201.4 | L13: 8 | M13: 185.2 | N13: 57 | O13: 188.1 | P13: =+P12+1 -> 106 | Q13: 173.3 | R13: 155 | S13: 205.5 | T13: 204 | U13: 201.4
A14: 9 | B14: 202.7 | C14: 58 | D14: 205.1 | E14: =+E13+1 -> 107 | F14: 175.1 | G14: 156 | H14: 205.8 | I14: 205 | J14: 205.5 | L14: 9 | M14: 202.7 | N14: 58 | O14: 205.1 | P14: =+P13+1 -> 107 | Q14: 175.1 | R14: 156 | S14: 205.8 | T14: 205 | U14: 205.5
A15: 10 | B15: 210.5 | C15: 59 | D15: 201.8 | E15: =+E14+1 -> 108 | F15: 208.4 | G15: 157 | H15: 202.7 | I15: 206 | J15: 199 | L15: 10 | M15: 210.5 | N15: 59 | O15: 201.8 | P15: =+P14+1 -> 108 | Q15: 208.4 | R15: 157 | S15: 202.7 | T15: 206 | U15: 199
A16: 11 | B16: 168 | C16: 60 | D16: 167.8 | E16: =+E15+1 -> 109 | F16: 178.8 | G16: 158 | H16: 201 | I16: 207 | J16: 203 | L16: 11 | M16: 168 | N16: 60 | O16: 167.8 | P16: =+P15+1 -> 109 | Q16: 178.8 | R16: 158 | S16: 201 | T16: 207 | U16: 203
A17: 12 | B17: 205.4 | C17: 61 | D17: 197.8 | E17: =+E16+1 -> 110 | F17: 204.1 | G17: 159 | H17: 200.7 | I17: 208 | J17: 200.6 | L17: 12 | M17: 205.4 | N17: 61 | O17: 197.8 | P17: =+P16+1 -> 110 | Q17: 204.1 | R17: 159 | S17: 200.7 | T17: 208 | U17: 200.6
A18: 13 | B18: 201.5 | C18: 62 | D18: 197 | E18: =+E17+1 -> 111 | F18: 196.2 | G18: 160 | H18: 197.7 | I18: 209 | J18: 204.8 | L18: 13 | M18: 201.5 | N18: 62 | O18: 197 | P18: =+P17+1 -> 111 | Q18: 196.2 | R18: 160 | S18: 197.7 | T18: 209 | U18: 204.8
A19: 14 | B19: 186.6 | C19: 63 | D19: 197 | E19: =+E18+1 -> 112 | F19: 197.8 | G19: 161 | H19: 198 | I19: 210 | J19: 205.5 | L19: 14 | M19: 186.6 | N19: 63 | O19: 197 | P19: =+P18+1 -> 112 | Q19: 197.8 | R19: 161 | S19: 198 | T19: 210 | U19: 205.5
... A29: 24 | B29: 205.7 | C29: 73 | D29: 192.6 | E29: =+E28+1 -> 122 | F29: 209.4 | G29: 171 | H29: 192.6 | I29: 220 | J29: 200.8 | L29: 24 | M29: 205.7 | N29: 73 | O29: 192.6 | P29: =+P28+1 -> 122 | Q29: 209.4 | R29: 171 | S29: 192.6 | T29: 220 | U29: 200.8
A30: 25 | B30: 204.4 | C30: 74 | D30: 201.1 | E30: =+E29+1 -> 123 | F30: 173.8 | G30: 172 | H30: 193.4 | L30: 25 | M30: 204.4 | N30: 74 | O30: 201.1 | P30: =+P29+1 -> 123 | Q30: 173.8 | R30: 172 | S30: 193.4
A31: 26 | B31: 206.2 | C31: 75 | D31: 204.4 | E31: =+E30+1 -> 124 | F31: 201.4 | G31: 173 | H31: 192.6 | L31: 26 | M31: 206.2 | N31: 75 | O31: 204.4 | P31: =+P30+1 -> 124 | Q31: 201.4 | R31: 173 | S31: 192.6
A32: 27 | B32: 190.1 | C32: 76 | D32: 189.1 | E32: =+E31+1 -> 125 | F32: 200.8 | G32: 174 | H32: 196 | L32: 27 | M32: 190.1 | N32: 76 | O32: 189.1 | P32: =+P31+1 -> 125 | Q32: 200.8 | R32: 174 | S32: 196
A33: 28 | B33: 200.8 | C33: 77 | D33: 193.5 | E33: =+E32+1 -> 126 | F33: 192.2 | G33: 175 | H33: 192.7 | L33: 28 | M33: 200.8 | N33: 77 | O33: 193.5 | P33: =+P32+1 -> 126 | Q33: 192.2 | R33: 175 | S33: 192.7
A34: 29 | B34: 176.2 | C34: 78 | D34: 199.4 | E34: =+E33+1 -> 127 | F34: 204.5 | G34: 176 | H34: 197.3 | L34: 29 | M34: 176.2 | N34: 78 | O34: 199.4 | P34: =+P33+1 -> 127 | Q34: 204.5 | R34: 176 | S34: 197.3
A35: 30 | B35: 207.6 | C35: 79 | D35: 202.9 | E35: =+E34+1 -> 128 | F35: 187.6 | G35: 177 | H35: 202.3 | L35: 30 | M35: 207.6 | N35: 79 | O35: 202.9 | P35: =+P34+1 -> 128 | Q35: 187.6 | R35: 177 | S35: 202.3
A36: 31 | B36: 182.4 | C36: 80 | D36: 197.7 | E36: =+E35+1 -> 129 | F36: 209.7 | G36: 178 | H36: 203.7 | L36: 31 | M36: 182.4 | N36: 80 | O36: 197.7 | P36: =+P35+1 -> 129 | Q36: 209.7 | R36: 178 | S36: 203.7
A37: 32 | B37: 207.7 | C37: 81 | D37: 197.3 | E37: =+E36+1 -> 130 | F37: 203.9 | G37: 179 | H37: 198.7 | L37: 32 | M37: 207.7 | N37: 81 | O37: 197.3 | P37: =+P36+1 -> 130 | Q37: 203.9 | R37: 179 | S37: 198.7
A38: 33 | B38: 201.5 | C38: 82 | D38: 208.1 | E38: =+E37+1 -> 131 | F38: 199.4 | G38: 180 | H38: 192.7 | L38: 33 | M38: 201.5 | N38: 82 | O38: 208.1 | P38: =+P37+1 -> 131 | Q38: 199.4 | R38: 180 | S38: 192.7
A39: 34 | B39: 174 | C39: 83 | D39: 203.1 | E39: =+E38+1 -> 132 | F39: 205 | G39: 181 | H39: 208.8 | L39: 34 | M39: 174 | N39: 83 | O39: 203.1 | P39: =+P38+1 -> 132 | Q39: 205 | R39: 181 | S39: 208.8
A40: 35 | B40: 196.5 | C40: 84 | D40: 181.2 | E40: =+E39+1 -> 133 | F40: 196.3 | G40: 182 | H40: 193.4 | L40: 35 | M40: 196.5 | N40: 84 | O40: 181.2 | P40: =+P39+1 -> 133 | Q40: 196.3 | R40: 182 | S40: 193.4
A41: 36 | B41: 185 | C41: 85 | D41: 193 | E41: =+E40+1 -> 134 | F41: 199.4 | G41: 183 | H41: 205 | L41: 36 | M41: 185 | N41: 85 | O41: 193 | P41: =+P40+1 -> 134 | Q41: 199.4 | R41: 183 | S41: 205
... A54: 49 | B54: 177 | C54: 98 | D54: 185.7 | E54: =+E53+1 -> 147 | F54: 206.6 | G54: 196 | H54: 198.3 | L54: 49 | M54: 177 | N54: 98 | O54: 185.7 | P54: =+P53+1 -> 147 | Q54: 206.6 | R54: 196 | S54: 198.3
B55: =SUM(B6:B54) -> 9594.9 | D55: =SUM(D6:D54) -> 9566.4 | F55: =SUM(F6:F54) -> 9681.7 | H55: =SUM(H6:H54) -> 9728.1 | J55: =SUM(J6:J54) -> 4860.7 | M55: =SUM(M6:M54) -> 9594.9 | O55: =SUM(O6:O54) -> 9566.4 | Q55: =SUM(Q6:Q54) -> 9681.7 | S55: =SUM(S6:S54) -> 9728.1 | U55: =SUM(U6:U54) -> 4860.7
A56: Итого кип | B56: =COUNT(B6:B54,D6:D54,F6:F54,H6:H54,J6:J54) -> 220 | C56: Масса брутто | E56: =B55+D55+F55+H55+J55 -> 43431.8 | F56: Тары | G56: =B56*2.2 -> 484 | H56: Масса нетто | J56: =E56-G56 -> 42947.8 | L56: Итого кип | M56: =COUNT(M6:M54,O6:O54,Q6:Q54,S6:S54,U6:U54) -> 220 | N56: Масса брутто | P56: =M55+O55+Q55+S55+U55 -> 43431.8 | Q56: Тары | R56: =M56*2.2 -> 484 | S56: Масса нетто | U56: =P56-R56 -> 42947.8
A57: Лаборант: | L57: Лаборант:
F59: Тара | G59: 2.2 | Q59: Тара | R59: 2.2

Sheet 223
A1: Акт покипного отвеса | L1: Акт покипного отвеса | W1: Акт покипного отвеса
A2: Лаборатория: хлопзавод при ООО "Navbahor Tekstil" | L2: Лаборатория: хлопзавод при ООО "Navbahor Tekstil" | W2: Лаборатория: хлопзавод при ООО "Navbahor Tekstil"
A3: Марка № | B3: 223 | I3: Корхона олди | L3: Марка № | M3: 223 | T3: Корхона олди | W3: Марка № | X3: 223 | AE3: Корхона олди
I4: Жами | T4: 1 яхши | AE4: 1 урта
A5: № | B5: Масса | C5: № | D5: Масса | E5: № | F5: Масса | G5: № | H5: Масса | I5: № | J5: Масса | L5: № | M5: Масса | N5: № | O5: Масса | P5: № | Q5: Масса | R5: № | S5: Масса | T5: № | U5: Масса | W5: № | X5: Масса | Y5: № | Z5: Масса | AA5: № | AB5: Масса | AC5: № | AD5: Масса | AE5: № | AF5: Масса
A6: 1 | B6: 197.1 | C6: 50 | D6: 200.6 | E6: 99 | F6: 205.3 | G6: 148 | H6: 200.9 | I6: 197 | J6: 206.1 | L6: 1 | M6: 197.1 | N6: 50 | P6: 99 | R6: 148 | S6: 200.9 | T6: 197 | W6: 1 | Y6: 50 | Z6: 200.6 | AA6: 99 | AB6: 205.3 | AC6: 148 | AE6: 197 | AF6: 206.1
A7: 2 | B7: 198.1 | C7: 51 | D7: 196.4 | E7: 100 | F7: 210 | G7: 149 | H7: 196.8 | I7: 198 | J7: 205.6 | L7: 2 | M7: 198.1 | N7: 51 | P7: 100 | R7: 149 | S7: 196.8 | T7: 198 | W7: 2 | Y7: 51 | Z7: 196.4 | AA7: 100 | AB7: 210 | AC7: 149 | AE7: 198 | AF7: 205.6
A8: 3 | B8: 201.7 | C8: 52 | D8: 204.8 | E8: =+E7+1 -> 101 | F8: 202.5 | G8: 150 | H8: 202.5 | I8: 199 | J8: 207.6 | L8: 3 | M8: 201.7 | N8: 52 | P8: =+P7+1 -> 101 | R8: 150 | S8: 202.5 | T8: 199 | W8: 3 | Y8: 52 | Z8: 204.8 | AA8: =+AA7+1 -> 101 | AB8: 202.5 | AC8: 150 | AE8: 199 | AF8: 207.6
A9: 4 | B9: 204.1 | C9: 53 | D9: 200.2 | E9: =+E8+1 -> 102 | F9: 201 | G9: 151 | H9: 198.4 | I9: 200 | J9: 202.7 | L9: 4 | M9: 204.1 | N9: 53 | P9: =+P8+1 -> 102 | R9: 151 | S9: 198.4 | T9: 200 | W9: 4 | Y9: 53 | Z9: 200.2 | AA9: =+AA8+1 -> 102 | AB9: 201 | AC9: 151 | AE9: 200 | AF9: 202.7
A10: 5 | B10: 201.1 | C10: 54 | D10: 200.4 | E10: =+E9+1 -> 103 | F10: 192.4 | G10: 152 | H10: 201.4 | I10: 201 | J10: 202.7 | L10: 5 | M10: 201.1 | N10: 54 | P10: =+P9+1 -> 103 | R10: 152 | S10: 201.4 | T10: 201 | W10: 5 | Y10: 54 | Z10: 200.4 | AA10: =+AA9+1 -> 103 | AB10: 192.4 | AC10: 152 | AE10: 201 | AF10: 202.7
A11: 6 | B11: 202.6 | C11: 55 | D11: 204.9 | E11: =+E10+1 -> 104 | F11: 191.9 | G11: 153 | H11: 208.5 | I11: 202 | J11: 196.3 | L11: 6 | M11: 202.6 | N11: 55 | P11: =+P10+1 -> 104 | R11: 153 | S11: 208.5 | T11: 202 | W11: 6 | Y11: 55 | Z11: 204.9 | AA11: =+AA10+1 -> 104 | AB11: 191.9 | AC11: 153 | AE11: 202 | AF11: 196.3
A12: 7 | B12: 197.6 | C12: 56 | D12: 196.8 | E12: =+E11+1 -> 105 | F12: 199.8 | G12: 154 | H12: 204.2 | I12: 203 | J12: 207.1 | L12: 7 | M12: 197.6 | N12: 56 | P12: =+P11+1 -> 105 | R12: 154 | S12: 204.2 | T12: 203 | W12: 7 | Y12: 56 | Z12: 196.8 | AA12: =+AA11+1 -> 105 | AB12: 199.8 | AC12: 154 | AE12: 203 | AF12: 207.1
A13: 8 | B13: 202.4 | C13: 57 | D13: 207.2 | E13: =+E12+1 -> 106 | F13: 203.8 | G13: 155 | H13: 202.3 | I13: 204 | J13: 208.5 | L13: 8 | M13: 202.4 | N13: 57 | P13: =+P12+1 -> 106 | R13: 155 | S13: 202.3 | T13: 204 | W13: 8 | Y13: 57 | Z13: 207.2 | AA13: =+AA12+1 -> 106 | AB13: 203.8 | AC13: 155 | AE13: 204 | AF13: 208.5
A14: 9 | B14: 205.5 | C14: 58 | D14: 198.3 | E14: =+E13+1 -> 107 | F14: 203.5 | G14: 156 | H14: 205.5 | I14: 205 | J14: 187.1 | L14: 9 | M14: 205.5 | N14: 58 | P14: =+P13+1 -> 107 | R14: 156 | S14: 205.5 | T14: 205 | W14: 9 | Y14: 58 | Z14: 198.3 | AA14: =+AA13+1 -> 107 | AB14: 203.5 | AC14: 156 | AE14: 205 | AF14: 187.1
A15: 10 | B15: 202.5 | C15: 59 | D15: 194.9 | E15: =+E14+1 -> 108 | F15: 203.4 | G15: 157 | H15: 204.4 | I15: 206 | J15: 205.7 | L15: 10 | M15: 202.5 | N15: 59 | P15: =+P14+1 -> 108 | R15: 157 | S15: 204.4 | T15: 206 | W15: 10 | Y15: 59 | Z15: 194.9 | AA15: =+AA14+1 -> 108 | AB15: 203.4 | AC15: 157 | AE15: 206 | AF15: 205.7
A16: 11 | B16: 201 | C16: 60 | D16: 194.4 | E16: =+E15+1 -> 109 | F16: 206.8 | G16: 158 | H16: 207.7 | I16: 207 | J16: 182 | L16: 11 | M16: 201 | N16: 60 | P16: =+P15+1 -> 109 | R16: 158 | S16: 207.7 | T16: 207 | W16: 11 | Y16: 60 | Z16: 194.4 | AA16: =+AA15+1 -> 109 | AB16: 206.8 | AC16: 158 | AE16: 207 | AF16: 182
A17: 12 | B17: 202.6 | C17: 61 | D17: 200.2 | E17: =+E16+1 -> 110 | F17: 201.1 | G17: 159 | H17: 202.6 | I17: 208 | J17: 206.7 | L17: 12 | M17: 202.6 | N17: 61 | P17: =+P16+1 -> 110 | Q17: 201.1 | R17: 159 | S17: 202.6 | T17: 208 | W17: 12 | Y17: 61 | Z17: 200.2 | AA17: =+AA16+1 -> 110 | AC17: 159 | AE17: 208 | AF17: 206.7
A18: 13 | B18: 209.7 | C18: 62 | D18: 194.8 | E18: =+E17+1 -> 111 | F18: 205.5 | G18: 160 | H18: 201.5 | I18: 209 | J18: 187.5 | L18: 13 | M18: 209.7 | N18: 62 | P18: =+P17+1 -> 111 | Q18: 205.5 | R18: 160 | S18: 201.5 | T18: 209 | W18: 13 | Y18: 62 | Z18: 194.8 | AA18: =+AA17+1 -> 111 | AC18: 160 | AE18: 209 | AF18: 187.5
A19: 14 | B19: 202 | C19: 63 | D19: 202.6 | E19: =+E18+1 -> 112 | F19: 204.6 | G19: 161 | H19: 201 | I19: 210 | J19: 211.6 | L19: 14 | M19: 202 | N19: 63 | P19: =+P18+1 -> 112 | Q19: 204.6 | R19: 161 | S19: 201 | T19: 210 | W19: 14 | Y19: 63 | Z19: 202.6 | AA19: =+AA18+1 -> 112 | AC19: 161 | AE19: 210 | AF19: 211.6
A20: 15 | B20: 196.4 | C20: 64 | D20: 199.7 | E20: =+E19+1 -> 113 | F20: 217.9 | G20: 162 | H20: 190.5 | I20: 211 | J20: 186.6 | L20: 15 | M20: 196.4 | N20: 64 | P20: =+P19+1 -> 113 | Q20: 217.9 | R20: 162 | S20: 190.5 | T20: 211 | W20: 15 | Y20: 64 | Z20: 199.7 | AA20: =+AA19+1 -> 113 | AC20: 162 | AE20: 211 | AF20: 186.6
A21: 16 | B21: 198.5 | C21: 65 | D21: 196.6 | E21: =+E20+1 -> 114 | F21: 199.2 | G21: 163 | H21: 208.1 | I21: 212 | J21: 206.9 | L21: 16 | M21: 198.5 | N21: 65 | P21: =+P20+1 -> 114 | Q21: 199.2 | R21: 163 | S21: 208.1 | T21: 212 | W21: 16 | Y21: 65 | Z21: 196.6 | AA21: =+AA20+1 -> 114 | AC21: 163 | AE21: 212 | AF21: 206.9
A22: 17 | B22: 207.6 | C22: 66 | D22: 196.2 | E22: =+E21+1 -> 115 | F22: 199.9 | G22: 164 | H22: 198.5 | I22: 213 | J22: 211.1 | L22: 17 | M22: 207.6 | N22: 66 | P22: =+P21+1 -> 115 | Q22: 199.9 | R22: 164 | S22: 198.5 | T22: 213 | W22: 17 | Y22: 66 | Z22: 196.2 | AA22: =+AA21+1 -> 115 | AC22: 164 | AE22: 213 | AF22: 211.1
A23: 18 | B23: 200.6 | C23: 67 | D23: 200.5 | E23: =+E22+1 -> 116 | F23: 200.1 | G23: 165 | H23: 207.5 | I23: 214 | J23: 187 | L23: 18 | M23: 200.6 | N23: 67 | P23: =+P22+1 -> 116 | Q23: 200.1 | R23: 165 | S23: 207.5 | T23: 214 | W23: 18 | Y23: 67 | Z23: 200.5 | AA23: =+AA22+1 -> 116 | AC23: 165 | AE23: 214 | AF23: 187
A24: 19 | B24: 194.8 | C24: 68 | D24: 201.7 | E24: =+E23+1 -> 117 | F24: 202 | G24: 166 | H24: 185.5 | I24: 215 | J24: 197.5 | L24: 19 | M24: 194.8 | N24: 68 | P24: =+P23+1 -> 117 | Q24: 202 | R24: 166 | S24: 185.5 | T24: 215 | W24: 19 | Y24: 68 | Z24: 201.7 | AA24: =+AA23+1 -> 117 | AC24: 166 | AE24: 215 | AF24: 197.5
A25: 20 | B25: 206.7 | C25: 69 | D25: 196.6 | E25: =+E24+1 -> 118 | F25: 200.9 | G25: 167 | H25: 207.1 | I25: 216 | J25: 207.7 | L25: 20 | M25: 206.7 | N25: 69 | P25: =+P24+1 -> 118 | Q25: 200.9 | R25: 167 | S25: 207.1 | T25: 216 | W25: 20 | Y25: 69 | Z25: 196.6 | AA25: =+AA24+1 -> 118 | AC25: 167 | AE25: 216 | AF25: 207.7
A26: 21 | B26: 203.4 | C26: 70 | D26: 202.7 | E26: =+E25+1 -> 119 | F26: 209.8 | G26: 168 | H26: 207.9 | I26: 217 | J26: 213 | L26: 21 | M26: 203.4 | N26: 70 | P26: =+P25+1 -> 119 | Q26: 209.8 | R26: 168 | T26: 217 | W26: 21 | Y26: 70 | Z26: 202.7 | AA26: =+AA25+1 -> 119 | AC26: 168 | AD26: 207.9 | AE26: 217 | AF26: 213
A27: 22 | B27: 205 | C27: 71 | D27: 202.1 | E27: =+E26+1 -> 120 | F27: 199.7 | G27: 169 | H27: 203 | I27: 218 | J27: 170.5 | L27: 22 | M27: 205 | N27: 71 | P27: =+P26+1 -> 120 | Q27: 199.7 | R27: 169 | T27: 218 | W27: 22 | Y27: 71 | Z27: 202.1 | AA27: =+AA26+1 -> 120 | AC27: 169 | AD27: 203 | AE27: 218 | AF27: 170.5
A28: 23 | B28: 196.5 | C28: 72 | D28: 206.3 | E28: =+E27+1 -> 121 | F28: 197.7 | G28: 170 | H28: 211.9 | I28: 219 | J28: 209.5 | L28: 23 | M28: 196.5 | N28: 72 | P28: =+P27+1 -> 121 | Q28: 197.7 | R28: 170 | T28: 219 | W28: 23 | Y28: 72 | Z28: 206.3 | AA28: =+AA27+1 -> 121 | AC28: 170 | AD28: 211.9 | AE28: 219 | AF28: 209.5
A29: 24 | B29: 200.7 | C29: 73 | D29: 195.5 | E29: =+E28+1 -> 122 | F29: 210 | G29: 171 | H29: 205.8 | I29: 220 | J29: 141.8 | L29: 24 | M29: 200.7 | N29: 73 | P29: =+P28+1 -> 122 | Q29: 210 | R29: 171 | T29: 220 | W29: 24 | Y29: 73 | Z29: 195.5 | AA29: =+AA28+1 -> 122 | AC29: 171 | AD29: 205.8 | AE29: 220 | AF29: 141.8
A30: 25 | B30: 206.1 | C30: 74 | D30: 195 | E30: =+E29+1 -> 123 | F30: 204 | G30: 172 | H30: 210.5 | L30: 25 | M30: 206.1 | N30: 74 | P30: =+P29+1 -> 123 | Q30: 204 | R30: 172 | W30: 25 | Y30: 74 | Z30: 195 | AA30: =+AA29+1 -> 123 | AC30: 172 | AD30: 210.5
A31: 26 | B31: 200.7 | C31: 75 | D31: 203.3 | E31: =+E30+1 -> 124 | F31: 201.5 | G31: 173 | H31: 200.7 | L31: 26 | M31: 200.7 | N31: 75 | P31: =+P30+1 -> 124 | Q31: 201.5 | R31: 173 | W31: 26 | Y31: 75 | Z31: 203.3 | AA31: =+AA30+1 -> 124 | AC31: 173 | AD31: 200.7
A32: 27 | B32: 210.5 | C32: 76 | D32: 195.3 | E32: =+E31+1 -> 125 | F32: 202.7 | G32: 174 | H32: 206.2 | L32: 27 | M32: 210.5 | N32: 76 | P32: =+P31+1 -> 125 | Q32: 202.7 | R32: 174 | W32: 27 | Y32: 76 | Z32: 195.3 | AA32: =+AA31+1 -> 125 | AC32: 174 | AD32: 206.2
A33: 28 | B33: 204.4 | C33: 77 | D33: 199.4 | E33: =+E32+1 -> 126 | F33: 199.3 | G33: 175 | H33: 204 | L33: 28 | M33: 204.4 | N33: 77 | P33: =+P32+1 -> 126 | Q33: 199.3 | R33: 175 | W33: 28 | Y33: 77 | Z33: 199.4 | AA33: =+AA32+1 -> 126 | AC33: 175 | AD33: 204
A34: 29 | B34: 200.9 | C34: 78 | D34: 202.4 | E34: =+E33+1 -> 127 | F34: 206.2 | G34: 176 | H34: 214.1 | L34: 29 | M34: 200.9 | N34: 78 | P34: =+P33+1 -> 127 | Q34: 206.2 | R34: 176 | W34: 29 | Y34: 78 | Z34: 202.4 | AA34: =+AA33+1 -> 127 | AC34: 176 | AD34: 214.1
A35: 30 | B35: 203.1 | C35: 79 | D35: 206 | E35: =+E34+1 -> 128 | F35: 195.9 | G35: 177 | H35: 181.3 | L35: 30 | M35: 203.1 | N35: 79 | P35: =+P34+1 -> 128 | Q35: 195.9 | R35: 177 | W35: 30 | Y35: 79 | Z35: 206 | AA35: =+AA34+1 -> 128 | AC35: 177 | AD35: 181.3
A36: 31 | B36: 202.6 | C36: 80 | D36: 204.7 | E36: =+E35+1 -> 129 | F36: 206.2 | G36: 178 | H36: 211.4 | L36: 31 | M36: 202.6 | N36: 80 | P36: =+P35+1 -> 129 | Q36: 206.2 | R36: 178 | W36: 31 | Y36: 80 | Z36: 204.7 | AA36: =+AA35+1 -> 129 | AC36: 178 | AD36: 211.4
A37: 32 | B37: 202.8 | C37: 81 | D37: 212.1 | E37: =+E36+1 -> 130 | F37: 203.4 | G37: 179 | H37: 192.3 | L37: 32 | M37: 202.8 | N37: 81 | P37: =+P36+1 -> 130 | Q37: 203.4 | R37: 179 | W37: 32 | Y37: 81 | Z37: 212.1 | AA37: =+AA36+1 -> 130 | AC37: 179 | AD37: 192.3
A38: 33 | B38: 207.1 | C38: 82 | D38: 207.4 | E38: =+E37+1 -> 131 | F38: 203.2 | G38: 180 | H38: 206 | L38: 33 | M38: 207.1 | N38: 82 | P38: =+P37+1 -> 131 | Q38: 203.2 | R38: 180 | W38: 33 | Y38: 82 | Z38: 207.4 | AA38: =+AA37+1 -> 131 | AC38: 180 | AD38: 206
A39: 34 | B39: 202.8 | C39: 83 | D39: 209.8 | E39: =+E38+1 -> 132 | F39: 203.3 | G39: 181 | H39: 186.8 | L39: 34 | M39: 202.8 | N39: 83 | P39: =+P38+1 -> 132 | Q39: 203.3 | R39: 181 | W39: 34 | Y39: 83 | Z39: 209.8 | AA39: =+AA38+1 -> 132 | AC39: 181 | AD39: 186.8
A40: 35 | B40: 209.8 | C40: 84 | D40: 204.8 | E40: =+E39+1 -> 133 | F40: 198.8 | G40: 182 | H40: 214.2 | L40: 35 | M40: 209.8 | N40: 84 | P40: =+P39+1 -> 133 | Q40: 198.8 | R40: 182 | W40: 35 | Y40: 84 | Z40: 204.8 | AA40: =+AA39+1 -> 133 | AC40: 182 | AD40: 214.2
A41: 36 | B41: 201.5 | C41: 85 | D41: 197.7 | E41: =+E40+1 -> 134 | F41: 206 | G41: 183 | H41: 206.2 | L41: 36 | M41: 201.5 | N41: 85 | P41: =+P40+1 -> 134 | Q41: 206 | R41: 183 | W41: 36 | Y41: 85 | Z41: 197.7 | AA41: =+AA40+1 -> 134 | AC41: 183 | AD41: 206.2
... A51: 46 | B51: 199.2 | C51: 95 | D51: 202.8 | E51: =+E50+1 -> 144 | F51: 202.8 | G51: 193 | H51: 197.5 | L51: 46 | M51: 199.2 | N51: 95 | P51: =+P50+1 -> 144 | Q51: 202.8 | R51: 193 | W51: 46 | Y51: 95 | Z51: 202.8 | AA51: =+AA50+1 -> 144 | AC51: 193 | AD51: 197.5
A52: 47 | B52: 193.7 | C52: 96 | D52: 212.6 | E52: =+E51+1 -> 145 | F52: 199.6 | G52: 194 | H52: 205.1 | L52: 47 | N52: 96 | P52: =+P51+1 -> 145 | Q52: 199.6 | R52: 194 | W52: 47 | X52: 193.7 | Y52: 96 | Z52: 212.6 | AA52: =+AA51+1 -> 145 | AC52: 194 | AD52: 205.1
A53: 48 | B53: 195 | C53: 97 | D53: 215.3 | E53: =+E52+1 -> 146 | F53: 200.1 | G53: 195 | H53: 194.2 | L53: 48 | N53: 97 | P53: =+P52+1 -> 146 | Q53: 200.1 | R53: 195 | W53: 48 | X53: 195 | Y53: 97 | Z53: 215.3 | AA53: =+AA52+1 -> 146 | AC53: 195 | AD53: 194.2
A54: 49 | B54: 207 | C54: 98 | D54: 211.6 | E54: =+E53+1 -> 147 | F54: 204.7 | G54: 196 | H54: 211.4 | L54: 49 | N54: 98 | P54: =+P53+1 -> 147 | Q54: 204.7 | R54: 196 | W54: 49 | X54: 207 | Y54: 98 | Z54: 211.6 | AA54: =+AA53+1 -> 147 | AC54: 196 | AD54: 211.4
B55: =SUM(B6:B54) -> 9910.9 | D55: =SUM(D6:D54) -> 9914.7 | F55: =SUM(F6:F54) -> 9926.1 | H55: =SUM(H6:H54) -> 9917.1 | J55: =SUM(J6:J54) -> 4748.8 | M55: =SUM(M6:M54) -> 9315.2 | O55: =SUM(O6:O54) -> 0 | Q55: =SUM(Q6:Q54) -> 7705.7 | S55: =SUM(S6:S54) -> 4034.9 | U55: =SUM(U6:U54) -> 0 | X55: =SUM(X6:X54) -> 595.7 | Z55: =SUM(Z6:Z54) -> 9914.7 | AB55: =SUM(AB6:AB54) -> 2220.4 | AD55: =SUM(AD6:AD54) -> 5882.2 | AF55: =SUM(AF6:AF54) -> 4748.8
A56: Итого кип | B56: =COUNT(B6:B54,D6:D54,F6:F54,H6:H54,J6:J54) -> 220 | C56: Масса брутто | E56: =B55+D55+F55+H55+J55 -> 44417.6 | F56: Тары | G56: =B56*2.2 -> 484 | H56: Масса нетто | J56: =E56-G56 -> 43933.6 | L56: Итого кип | M56: =COUNT(M6:M54,O6:O54,Q6:Q54,S6:S54,U6:U54) -> 104 | N56: Масса брутто | P56: =M55+O55+Q55+S55+U55 -> 21055.8 | Q56: Тары | R56: =M56*2.2 -> 228.8 | S56: Масса нетто | U56: =P56-R56 -> 20827 | W56: Итого кип | X56: =COUNT(X6:X54,Z6:Z54,AB6:AB54,AD6:AD54,AF6:AF54) -> 116 | Y56: Масса брутто | AA56: =X55+Z55+AB55+AD55+AF55 -> 23361.8 | AB56: Тары | AC56: =X56*2.2 -> 255.2 | AD56: Масса нетто | AF56: =AA56-AC56 -> 23106.6
A57: Лаборант: | L57: Лаборант: | W57: Лаборант:
B58: =M56+X56 -> 220 | E58: =P56+AA56 -> 44417.6 | J58: =U56+AF56 -> 43933.6
F59: Тара | G59: 2.2 | Q59: Тара | R59: 2.2 | AB59: Тара | AC59: 2.2

Sheet 222
A1: Акт покипного отвеса | L1: Акт покипного отвеса | W1: Акт покипного отвеса
A2: Лаборатория: хлопзавод при ООО "Navbahor Tekstil" | L2: Лаборатория: хлопзавод при ООО "Navbahor Tekstil" | W2: Лаборатория: хлопзавод при ООО "Navbahor Tekstil"
A3: Марка № | B3: 222 | I3: Корхона олди | L3: Марка № | M3: 222 | T3: Корхона олди | W3: Марка № | X3: 222 | AE3: Корхона олди
I4: Жами | T4: 1 яхши | AE4: 1 урта
A5: № | B5: Масса | C5: № | D5: Масса | E5: № | F5: Масса | G5: № | H5: Масса | I5: № | J5: Масса | L5: № | M5: Масса | N5: № | O5: Масса | P5: № | Q5: Масса | R5: № | S5: Масса | T5: № | U5: Масса | W5: № | X5: Масса | Y5: № | Z5: Масса | AA5: № | AB5: Масса | AC5: № | AD5: Масса | AE5: № | AF5: Масса
A6: 1 | B6: 207 | C6: 50 | D6: 205.1 | E6: 99 | F6: 206.5 | G6: 148 | H6: 208.3 | I6: 197 | J6: 203.4 | L6: 1 | M6: 207 | N6: 50 | O6: 205.1 | P6: 99 | R6: 148 | S6: 208.3 | T6: 197 | W6: 1 | Y6: 50 | AA6: 99 | AB6: 206.5 | AC6: 148 | AE6: 197 | AF6: 203.4
A7: 2 | B7: 203.8 | C7: 51 | D7: 207.4 | E7: 100 | F7: 210.8 | G7: 149 | H7: 200.9 | I7: 198 | J7: 204.5 | L7: 2 | M7: 203.8 | N7: 51 | O7: 207.4 | P7: 100 | R7: 149 | S7: 200.9 | T7: 198 | W7: 2 | Y7: 51 | AA7: 100 | AB7: 210.8 | AC7: 149 | AE7: 198 | AF7: 204.5
A8: 3 | B8: 207.7 | C8: 52 | D8: 201 | E8: =+E7+1 -> 101 | F8: 211.5 | G8: 150 | H8: 204.7 | I8: 199 | J8: 199.4 | L8: 3 | M8: 207.7 | N8: 52 | O8: 201 | P8: =+P7+1 -> 101 | R8: 150 | S8: 204.7 | T8: 199 | W8: 3 | Y8: 52 | AA8: =+AA7+1 -> 101 | AB8: 211.5 | AC8: 150 | AE8: 199 | AF8: 199.4
A9: 4 | B9: 199.2 | C9: 53 | D9: 200.5 | E9: =+E8+1 -> 102 | F9: 196.9 | G9: 151 | H9: 194.3 | I9: 200 | J9: 203.6 | L9: 4 | M9: 199.2 | N9: 53 | O9: 200.5 | P9: =+P8+1 -> 102 | R9: 151 | S9: 194.3 | T9: 200 | W9: 4 | Y9: 53 | AA9: =+AA8+1 -> 102 | AB9: 196.9 | AC9: 151 | AE9: 200 | AF9: 203.6
A10: 5 | B10: 200.6 | C10: 54 | D10: 208.3 | E10: =+E9+1 -> 103 | F10: 205.8 | G10: 152 | H10: 198.4 | I10: 201 | J10: 206.2 | L10: 5 | M10: 200.6 | N10: 54 | O10: 208.3 | P10: =+P9+1 -> 103 | R10: 152 | S10: 198.4 | T10: 201 | W10: 5 | Y10: 54 | AA10: =+AA9+1 -> 103 | AB10: 205.8 | AC10: 152 | AE10: 201 | AF10: 206.2
A11: 6 | B11: 197.1 | C11: 55 | D11: 211.7 | E11: =+E10+1 -> 104 | F11: 203.4 | G11: 153 | H11: 200.5 | I11: 202 | J11: 198.6 | L11: 6 | M11: 197.1 | N11: 55 | O11: 211.7 | P11: =+P10+1 -> 104 | R11: 153 | S11: 200.5 | T11: 202 | W11: 6 | Y11: 55 | AA11: =+AA10+1 -> 104 | AB11: 203.4 | AC11: 153 | AE11: 202 | AF11: 198.6
A12: 7 | B12: 202.8 | C12: 56 | D12: 208.4 | E12: =+E11+1 -> 105 | F12: 208.5 | G12: 154 | H12: 201.1 | I12: 203 | J12: 199.2 | L12: 7 | M12: 202.8 | N12: 56 | O12: 208.4 | P12: =+P11+1 -> 105 | R12: 154 | S12: 201.1 | T12: 203 | W12: 7 | Y12: 56 | AA12: =+AA11+1 -> 105 | AB12: 208.5 | AC12: 154 | AE12: 203 | AF12: 199.2
A13: 8 | B13: 204.5 | C13: 57 | D13: 208.7 | E13: =+E12+1 -> 106 | F13: 209.2 | G13: 155 | H13: 205.4 | I13: 204 | J13: 201.1 | L13: 8 | M13: 204.5 | N13: 57 | O13: 208.7 | P13: =+P12+1 -> 106 | R13: 155 | S13: 205.4 | T13: 204 | W13: 8 | Y13: 57 | AA13: =+AA12+1 -> 106 | AB13: 209.2 | AC13: 155 | AE13: 204 | AF13: 201.1
A14: 9 | B14: 204.7 | C14: 58 | D14: 202.7 | E14: =+E13+1 -> 107 | F14: 209 | G14: 156 | H14: 205.5 | I14: 205 | J14: 200.1 | L14: 9 | M14: 204.7 | N14: 58 | O14: 202.7 | P14: =+P13+1 -> 107 | R14: 156 | S14: 205.5 | T14: 205 | W14: 9 | Y14: 58 | AA14: =+AA13+1 -> 107 | AB14: 209 | AC14: 156 | AE14: 205 | AF14: 200.1
A15: 10 | B15: 183.9 | C15: 59 | D15: 206.8 | E15: =+E14+1 -> 108 | F15: 204.5 | G15: 157 | H15: 205 | I15: 206 | J15: 198.2 | L15: 10 | M15: 183.9 | N15: 59 | O15: 206.8 | P15: =+P14+1 -> 108 | R15: 157 | S15: 205 | T15: 206 | W15: 10 | Y15: 59 | AA15: =+AA14+1 -> 108 | AB15: 204.5 | AC15: 157 | AE15: 206 | AF15: 198.2
A16: 11 | B16: 199.7 | C16: 60 | D16: 203.5 | E16: =+E15+1 -> 109 | F16: 209.7 | G16: 158 | H16: 201.2 | I16: 207 | J16: 205.4 | L16: 11 | M16: 199.7 | N16: 60 | O16: 203.5 | P16: =+P15+1 -> 109 | R16: 158 | S16: 201.2 | T16: 207 | W16: 11 | Y16: 60 | AA16: =+AA15+1 -> 109 | AB16: 209.7 | AC16: 158 | AE16: 207 | AF16: 205.4
A17: 12 | B17: 203.7 | C17: 61 | D17: 206.4 | E17: =+E16+1 -> 110 | F17: 221.3 | G17: 159 | H17: 203.3 | I17: 208 | J17: 202.2 | L17: 12 | M17: 203.7 | N17: 61 | P17: =+P16+1 -> 110 | R17: 159 | S17: 203.3 | T17: 208 | W17: 12 | Y17: 61 | Z17: 206.4 | AA17: =+AA16+1 -> 110 | AB17: 221.3 | AC17: 159 | AE17: 208 | AF17: 202.2
A18: 13 | B18: 197.7 | C18: 62 | D18: 207.3 | E18: =+E17+1 -> 111 | F18: 208.7 | G18: 160 | H18: 206.9 | I18: 209 | J18: 197.2 | L18: 13 | M18: 197.7 | N18: 62 | P18: =+P17+1 -> 111 | Q18: 208.7 | R18: 160 | S18: 206.9 | T18: 209 | W18: 13 | Y18: 62 | Z18: 207.3 | AA18: =+AA17+1 -> 111 | AC18: 160 | AE18: 209 | AF18: 197.2
A19: 14 | B19: 197.1 | C19: 63 | D19: 205.8 | E19: =+E18+1 -> 112 | F19: 210.8 | G19: 161 | H19: 204 | I19: 210 | J19: 203.9 | L19: 14 | M19: 197.1 | N19: 63 | P19: =+P18+1 -> 112 | Q19: 210.8 | R19: 161 | S19: 204 | T19: 210 | W19: 14 | Y19: 63 | Z19: 205.8 | AA19: =+AA18+1 -> 112 | AC19: 161 | AE19: 210 | AF19: 203.9
A20: 15 | B20: 193.3 | C20: 64 | D20: 202.5 | E20: =+E19+1 -> 113 | F20: 207 | G20: 162 | H20: 200.2 | I20: 211 | J20: 193 | L20: 15 | M20: 193.3 | N20: 64 | P20: =+P19+1 -> 113 | Q20: 207 | R20: 162 | S20: 200.2 | T20: 211 | W20: 15 | Y20: 64 | Z20: 202.5 | AA20: =+AA19+1 -> 113 | AC20: 162 | AE20: 211 | AF20: 193
A21: 16 | B21: 208.2 | C21: 65 | D21: 201.7 | E21: =+E20+1 -> 114 | F21: 200.7 | G21: 163 | H21: 201.3 | I21: 212 | J21: 203 | L21: 16 | M21: 208.2 | N21: 65 | P21: =+P20+1 -> 114 | Q21: 200.7 | R21: 163 | S21: 201.3 | T21: 212 | W21: 16 | Y21: 65 | Z21: 201.7 | AA21: =+AA20+1 -> 114 | AC21: 163 | AE21: 212 | AF21: 203
A22: 17 | B22: 199.9 | C22: 66 | D22: 207.4 | E22: =+E21+1 -> 115 | F22: 208.5 | G22: 164 | H22: 208.9 | I22: 213 | J22: 204.2 | L22: 17 | M22: 199.9 | N22: 66 | P22: =+P21+1 -> 115 | Q22: 208.5 | R22: 164 | S22: 208.9 | T22: 213 | W22: 17 | Y22: 66 | Z22: 207.4 | AA22: =+AA21+1 -> 115 | AC22: 164 | AE22: 213 | AF22: 204.2
A23: 18 | B23: 202.6 | C23: 67 | D23: 198.5 | E23: =+E22+1 -> 116 | F23: 203.4 | G23: 165 | H23: 204.3 | I23: 214 | J23: 197.3 | L23: 18 | M23: 202.6 | N23: 67 | P23: =+P22+1 -> 116 | Q23: 203.4 | R23: 165 | S23: 204.3 | T23: 214 | W23: 18 | Y23: 67 | Z23: 198.5 | AA23: =+AA22+1 -> 116 | AC23: 165 | AE23: 214 | AF23: 197.3
A24: 19 | B24: 204.5 | C24: 68 | D24: 197.2 | E24: =+E23+1 -> 117 | F24: 198.1 | G24: 166 | H24: 204.1 | I24: 215 | J24: 198.4 | L24: 19 | M24: 204.5 | N24: 68 | P24: =+P23+1 -> 117 | Q24: 198.1 | R24: 166 | S24: 204.1 | T24: 215 | W24: 19 | Y24: 68 | Z24: 197.2 | AA24: =+AA23+1 -> 117 | AC24: 166 | AE24: 215 | AF24: 198.4
A25: 20 | B25: 201.3 | C25: 69 | D25: 188.6 | E25: =+E24+1 -> 118 | F25: 205.8 | G25: 167 | H25: 199.1 | I25: 216 | J25: 196.8 | L25: 20 | M25: 201.3 | N25: 69 | P25: =+P24+1 -> 118 | Q25: 205.8 | R25: 167 | S25: 199.1 | T25: 216 | W25: 20 | Y25: 69 | Z25: 188.6 | AA25: =+AA24+1 -> 118 | AC25: 167 | AE25: 216 | AF25: 196.8
A26: 21 | B26: 195.3 | C26: 70 | D26: 198.4 | E26: =+E25+1 -> 119 | F26: 204.5 | G26: 168 | H26: 203.1 | I26: 217 | J26: 197.7 | L26: 21 | M26: 195.3 | N26: 70 | P26: =+P25+1 -> 119 | Q26: 204.5 | R26: 168 | S26: 203.1 | T26: 217 | W26: 21 | Y26: 70 | Z26: 198.4 | AA26: =+AA25+1 -> 119 | AC26: 168 | AE26: 217 | AF26: 197.7
A27: 22 | B27: 198.7 | C27: 71 | D27: 188.2 | E27: =+E26+1 -> 120 | F27: 201.4 | G27: 169 | H27: 194.2 | I27: 218 | J27: 195.9 | L27: 22 | M27: 198.7 | N27: 71 | P27: =+P26+1 -> 120 | Q27: 201.4 | R27: 169 | S27: 194.2 | T27: 218 | W27: 22 | Y27: 71 | Z27: 188.2 | AA27: =+AA26+1 -> 120 | AC27: 169 | AE27: 218 | AF27: 195.9
A28: 23 | B28: 192.8 | C28: 72 | D28: 201.4 | E28: =+E27+1 -> 121 | F28: 205.9 | G28: 170 | H28: 203.7 | I28: 219 | J28: 196.1 | L28: 23 | M28: 192.8 | N28: 72 | P28: =+P27+1 -> 121 | Q28: 205.9 | R28: 170 | S28: 203.7 | T28: 219 | W28: 23 | Y28: 72 | Z28: 201.4 | AA28: =+AA27+1 -> 121 | AC28: 170 | AE28: 219 | AF28: 196.1
A29: 24 | B29: 194.7 | C29: 73 | D29: 198.6 | E29: =+E28+1 -> 122 | F29: 206 | G29: 171 | H29: 203.2 | I29: 220 | J29: 202.8 | L29: 24 | M29: 194.7 | N29: 73 | P29: =+P28+1 -> 122 | Q29: 206 | R29: 171 | S29: 203.2 | T29: 220 | W29: 24 | Y29: 73 | Z29: 198.6 | AA29: =+AA28+1 -> 122 | AC29: 171 | AE29: 220 | AF29: 202.8
A30: 25 | B30: 180.5 | C30: 74 | D30: 200.2 | E30: =+E29+1 -> 123 | F30: 198.2 | G30: 172 | H30: 202.5 | L30: 25 | M30: 180.5 | N30: 74 | P30: =+P29+1 -> 123 | Q30: 198.2 | R30: 172 | S30: 202.5 | W30: 25 | Y30: 74 | Z30: 200.2 | AA30: =+AA29+1 -> 123 | AC30: 172
A31: 26 | B31: 213 | C31: 75 | D31: 199.5 | E31: =+E30+1 -> 124 | F31: 206.6 | G31: 173 | H31: 196.5 | L31: 26 | M31: 213 | N31: 75 | P31: =+P30+1 -> 124 | Q31: 206.6 | R31: 173 | S31: 196.5 | W31: 26 | Y31: 75 | Z31: 199.5 | AA31: =+AA30+1 -> 124 | AC31: 173
A32: 27 | B32: 193.1 | C32: 76 | D32: 197.9 | E32: =+E31+1 -> 125 | F32: 195.6 | G32: 174 | H32: 199.3 | L32: 27 | M32: 193.1 | N32: 76 | P32: =+P31+1 -> 125 | Q32: 195.6 | R32: 174 | S32: 199.3 | W32: 27 | Y32: 76 | Z32: 197.9 | AA32: =+AA31+1 -> 125 | AC32: 174
A33: 28 | B33: 204.4 | C33: 77 | D33: 200.9 | E33: =+E32+1 -> 126 | F33: 198.7 | G33: 175 | H33: 201.3 | L33: 28 | M33: 204.4 | N33: 77 | P33: =+P32+1 -> 126 | Q33: 198.7 | R33: 175 | S33: 201.3 | W33: 28 | Y33: 77 | Z33: 200.9 | AA33: =+AA32+1 -> 126 | AC33: 175
A34: 29 | B34: 206.3 | C34: 78 | D34: 200 | E34: =+E33+1 -> 127 | F34: 198.3 | G34: 176 | H34: 206.2 | L34: 29 | M34: 206.3 | N34: 78 | P34: =+P33+1 -> 127 | Q34: 198.3 | R34: 176 | S34: 206.2 | W34: 29 | Y34: 78 | Z34: 200 | AA34: =+AA33+1 -> 127 | AC34: 176
A35: 30 | B35: 200.5 | C35: 79 | D35: 200.2 | E35: =+E34+1 -> 128 | F35: 205.6 | G35: 177 | H35: 193.6 | L35: 30 | M35: 200.5 | N35: 79 | P35: =+P34+1 -> 128 | Q35: 205.6 | R35: 177 | S35: 193.6 | W35: 30 | Y35: 79 | Z35: 200.2 | AA35: =+AA34+1 -> 128 | AC35: 177
A36: 31 | B36: 200.9 | C36: 80 | D36: 197.1 | E36: =+E35+1 -> 129 | F36: 199.9 | G36: 178 | H36: 201.5 | L36: 31 | M36: 200.9 | N36: 80 | P36: =+P35+1 -> 129 | Q36: 199.9 | R36: 178 | S36: 201.5 | W36: 31 | Y36: 80 | Z36: 197.1 | AA36: =+AA35+1 -> 129 | AC36: 178
A37: 32 | B37: 201.5 | C37: 81 | D37: 202.8 | E37: =+E36+1 -> 130 | F37: 195.9 | G37: 179 | H37: 197.3 | L37: 32 | M37: 201.5 | N37: 81 | P37: =+P36+1 -> 130 | Q37: 195.9 | R37: 179 | S37: 197.3 | W37: 32 | Y37: 81 | Z37: 202.8 | AA37: =+AA36+1 -> 130 | AC37: 179
A38: 33 | B38: 192.5 | C38: 82 | D38: 203.4 | E38: =+E37+1 -> 131 | F38: 195.1 | G38: 180 | H38: 195.2 | L38: 33 | M38: 192.5 | N38: 82 | P38: =+P37+1 -> 131 | Q38: 195.1 | R38: 180 | S38: 195.2 | W38: 33 | Y38: 82 | Z38: 203.4 | AA38: =+AA37+1 -> 131 | AC38: 180
A39: 34 | B39: 208.4 | C39: 83 | D39: 206.5 | E39: =+E38+1 -> 132 | F39: 207.1 | G39: 181 | H39: 189.6 | L39: 34 | M39: 208.4 | N39: 83 | P39: =+P38+1 -> 132 | Q39: 207.1 | R39: 181 | S39: 189.6 | W39: 34 | Y39: 83 | Z39: 206.5 | AA39: =+AA38+1 -> 132 | AC39: 181
A40: 35 | B40: 211.9 | C40: 84 | D40: 201.5 | E40: =+E39+1 -> 133 | F40: 204.3 | G40: 182 | H40: 195.1 | L40: 35 | M40: 211.9 | N40: 84 | P40: =+P39+1 -> 133 | Q40: 204.3 | R40: 182 | S40: 195.1 | W40: 35 | Y40: 84 | Z40: 201.5 | AA40: =+AA39+1 -> 133 | AC40: 182
A41: 36 | B41: 199 | C41: 85 | D41: 199 | E41: =+E40+1 -> 134 | F41: 204.7 | G41: 183 | H41: 203.1 | L41: 36 | M41: 199 | N41: 85 | P41: =+P40+1 -> 134 | Q41: 204.7 | R41: 183 | S41: 203.1 | W41: 36 | Y41: 85 | Z41: 199 | AA41: =+AA40+1 -> 134 | AC41: 183
... A47: 42 | B47: 204.2 | C47: 91 | D47: 213.9 | E47: =+E46+1 -> 140 | F47: 198.8 | G47: 189 | H47: 205 | L47: 42 | M47: 204.2 | N47: 91 | P47: =+P46+1 -> 140 | Q47: 198.8 | R47: 189 | S47: 205 | W47: 42 | Y47: 91 | Z47: 213.9 | AA47: =+AA46+1 -> 140 | AC47: 189
A48: 43 | B48: 202.1 | C48: 92 | D48: 217.7 | E48: =+E47+1 -> 141 | F48: 198.5 | G48: 190 | H48: 194.1 | L48: 43 | M48: 202.1 | N48: 92 | P48: =+P47+1 -> 141 | Q48: 198.5 | R48: 190 | W48: 43 | Y48: 92 | Z48: 217.7 | AA48: =+AA47+1 -> 141 | AC48: 190 | AD48: 194.1
A49: 44 | B49: 203 | C49: 93 | D49: 206 | E49: =+E48+1 -> 142 | F49: 206.4 | G49: 191 | H49: 196.4 | L49: 44 | M49: 203 | N49: 93 | P49: =+P48+1 -> 142 | Q49: 206.4 | R49: 191 | W49: 44 | Y49: 93 | Z49: 206 | AA49: =+AA48+1 -> 142 | AC49: 191 | AD49: 196.4
A50: 45 | B50: 196.1 | C50: 94 | D50: 209.1 | E50: =+E49+1 -> 143 | F50: 198.9 | G50: 192 | H50: 197.1 | L50: 45 | M50: 196.1 | N50: 94 | P50: =+P49+1 -> 143 | Q50: 198.9 | R50: 192 | W50: 45 | Y50: 94 | Z50: 209.1 | AA50: =+AA49+1 -> 143 | AC50: 192 | AD50: 197.1
A51: 46 | B51: 204.1 | C51: 95 | D51: 200.7 | E51: =+E50+1 -> 144 | F51: 157.9 | G51: 193 | H51: 198.7 | L51: 46 | M51: 204.1 | N51: 95 | P51: =+P50+1 -> 144 | Q51: 157.9 | R51: 193 | W51: 46 | Y51: 95 | Z51: 200.7 | AA51: =+AA50+1 -> 144 | AC51: 193 | AD51: 198.7
A52: 47 | B52: 200.9 | C52: 96 | D52: 208.5 | E52: =+E51+1 -> 145 | F52: 203.9 | G52: 194 | H52: 193.6 | L52: 47 | M52: 200.9 | N52: 96 | P52: =+P51+1 -> 145 | Q52: 203.9 | R52: 194 | W52: 47 | Y52: 96 | Z52: 208.5 | AA52: =+AA51+1 -> 145 | AC52: 194 | AD52: 193.6
A53: 48 | B53: 207 | C53: 97 | D53: 205.3 | E53: =+E52+1 -> 146 | F53: 205.6 | G53: 195 | H53: 198 | L53: 48 | M53: 207 | N53: 97 | P53: =+P52+1 -> 146 | Q53: 205.6 | R53: 195 | W53: 48 | Y53: 97 | Z53: 205.3 | AA53: =+AA52+1 -> 146 | AC53: 195 | AD53: 198
A54: 49 | B54: 200.7 | C54: 98 | D54: 210.9 | E54: =+E53+1 -> 147 | F54: 203.4 | G54: 196 | H54: 200 | L54: 49 | M54: 200.7 | N54: 98 | P54: =+P53+1 -> 147 | Q54: 203.4 | R54: 196 | W54: 49 | Y54: 98 | Z54: 210.9 | AA54: =+AA53+1 -> 147 | AC54: 196 | AD54: 200
B55: =SUM(B6:B54) -> 9824 | D55: =SUM(D6:D54) -> 9936.4 | F55: =SUM(F6:F54) -> 9917 | H55: =SUM(H6:H54) -> 9827.2 | J55: =SUM(J6:J54) -> 4808.2 | M55: =SUM(M6:M54) -> 9824 | O55: =SUM(O6:O54) -> 2264.1 | Q55: =SUM(Q6:Q54) -> 7419.9 | S55: =SUM(S6:S54) -> 8449.3 | U55: =SUM(U6:U54) -> 0 | X55: =SUM(X6:X54) -> 0 | Z55: =SUM(Z6:Z54) -> 7672.3 | AB55: =SUM(AB6:AB54) -> 2497.1 | AD55: =SUM(AD6:AD54) -> 1377.9 | AF55: =SUM(AF6:AF54) -> 4808.2
A56: Итого кип | B56: =COUNT(B6:B54,D6:D54,F6:F54,H6:H54,J6:J54) -> 220 | C56: Масса брутто | E56: =B55+D55+F55+H55+J55 -> 44312.8 | F56: Тары | G56: =B56*2.2 -> 484 | H56: Масса нетто | J56: =E56-G56 -> 43828.8 | L56: Итого кип | M56: =COUNT(M6:M54,O6:O54,Q6:Q54,S6:S54,U6:U54) -> 139 | N56: Масса брутто | P56: =M55+O55+Q55+S55+U55 -> 27957.3 | Q56: Тары | R56: =M56*2.2 -> 305.8 | S56: Масса нетто | U56: =P56-R56 -> 27651.5 | W56: Итого кип | X56: =COUNT(X6:X54,Z6:Z54,AB6:AB54,AD6:AD54,AF6:AF54) -> 81 | Y56: Масса брутто | AA56: =X55+Z55+AB55+AD55+AF55 -> 16355.5 | AB56: Тары | AC56: =X56*2.2 -> 178.2 | AD56: Масса нетто | AF56: =AA56-AC56 -> 16177.3
A57: Лаборант: | L57: Лаборант: | W57: Лаборант:
B58: =M56+X56 -> 220 | E58: =P56+AA56 -> 44312.8 | J58: =U56+AF56 -> 43828.8
F59: Тара | G59: 2.2 | Q59: Тара | R59: 2.2 | AB59: Тара | AC59: 2.2

Sheet 221
A1: Акт покипного отвеса | L1: Акт покипного отвеса
A2: Лаборатория: хлопзавод при ООО "Navbahor Tekstil" | L2: Лаборатория: хлопзавод при ООО "Navbahor Tekstil"
A3: Марка № | B3: 221 | I3: Корхона олди | L3: Марка № | M3: 221 | T3: Корхона олди
I4: Жами | T4: 1 яхши
A5: № | B5: Масса | C5: № | D5: Масса | E5: № | F5: Масса | G5: № | H5: Масса | I5: № | J5: Масса | L5: № | M5: Масса | N5: № | O5: Масса | P5: № | Q5: Масса | R5: № | S5: Масса | T5: № | U5: Масса
A6: 1 | B6: 212 | C6: 50 | D6: 184.5 | E6: 99 | F6: 205.5 | G6: 148 | H6: 213.2 | I6: 197 | L6: 1 | M6: 212 | N6: 50 | O6: 184.5 | P6: 99 | Q6: 205.5 | R6: 148 | S6: 213.2 | T6: 197
A7: 2 | B7: 196.4 | C7: 51 | D7: 196.5 | E7: 100 | F7: 203 | G7: 149 | H7: 189.1 | I7: 198 | L7: 2 | M7: 196.4 | N7: 51 | O7: 196.5 | P7: 100 | Q7: 203 | R7: 149 | S7: 189.1 | T7: 198
A8: 3 | B8: 218.9 | C8: 52 | D8: 196.9 | E8: =+E7+1 -> 101 | F8: 190.2 | G8: 150 | H8: 209.9 | I8: 199 | L8: 3 | M8: 218.9 | N8: 52 | O8: 196.9 | P8: =+P7+1 -> 101 | Q8: 190.2 | R8: 150 | S8: 209.9 | T8: 199
A9: 4 | B9: 199 | C9: 53 | D9: 192.7 | E9: =+E8+1 -> 102 | F9: 204.4 | G9: 151 | H9: 184.5 | I9: 200 | L9: 4 | M9: 199 | N9: 53 | O9: 192.7 | P9: =+P8+1 -> 102 | Q9: 204.4 | R9: 151 | S9: 184.5 | T9: 200
A10: 5 | B10: 194.2 | C10: 54 | D10: 202.1 | E10: =+E9+1 -> 103 | F10: 178.2 | G10: 152 | H10: 209.5 | I10: 201 | L10: 5 | M10: 194.2 | N10: 54 | O10: 202.1 | P10: =+P9+1 -> 103 | Q10: 178.2 | R10: 152 | S10: 209.5 | T10: 201
A11: 6 | B11: 186.4 | C11: 55 | D11: 192.7 | E11: =+E10+1 -> 104 | F11: 204.1 | G11: 153 | H11: 205.6 | I11: 202 | L11: 6 | M11: 186.4 | N11: 55 | O11: 192.7 | P11: =+P10+1 -> 104 | Q11: 204.1 | R11: 153 | S11: 205.6 | T11: 202
A12: 7 | B12: 185.2 | C12: 56 | D12: 199.5 | E12: =+E11+1 -> 105 | F12: 192.2 | G12: 154 | H12: 209.6 | I12: 203 | L12: 7 | M12: 185.2 | N12: 56 | O12: 199.5 | P12: =+P11+1 -> 105 | Q12: 192.2 | R12: 154 | S12: 209.6 | T12: 203
A13: 8 | B13: 188 | C13: 57 | D13: 184.6 | E13: =+E12+1 -> 106 | F13: 205.3 | G13: 155 | H13: 197.7 | I13: 204 | L13: 8 | M13: 188 | N13: 57 | O13: 184.6 | P13: =+P12+1 -> 106 | Q13: 205.3 | R13: 155 | S13: 197.7 | T13: 204
A14: 9 | B14: 196.3 | C14: 58 | D14: 196.5 | E14: =+E13+1 -> 107 | F14: 206.8 | G14: 156 | H14: 215.1 | I14: 205 | L14: 9 | M14: 196.3 | N14: 58 | O14: 196.5 | P14: =+P13+1 -> 107 | Q14: 206.8 | R14: 156 | S14: 215.1 | T14: 205
A15: 10 | B15: 191 | C15: 59 | D15: 193.2 | E15: =+E14+1 -> 108 | F15: 180.4 | G15: 157 | H15: 213.7 | I15: 206 | L15: 10 | M15: 191 | N15: 59 | O15: 193.2 | P15: =+P14+1 -> 108 | Q15: 180.4 | R15: 157 | S15: 213.7 | T15: 206
A16: 11 | B16: 198 | C16: 60 | D16: 194.2 | E16: =+E15+1 -> 109 | F16: 205 | G16: 158 | H16: 204.4 | I16: 207 | L16: 11 | M16: 198 | N16: 60 | O16: 194.2 | P16: =+P15+1 -> 109 | Q16: 205 | R16: 158 | S16: 204.4 | T16: 207
A17: 12 | B17: 199.4 | C17: 61 | D17: 190.9 | E17: =+E16+1 -> 110 | F17: 181.4 | G17: 159 | H17: 215.8 | I17: 208 | L17: 12 | M17: 199.4 | N17: 61 | O17: 190.9 | P17: =+P16+1 -> 110 | Q17: 181.4 | R17: 159 | S17: 215.8 | T17: 208
A18: 13 | B18: 187.8 | C18: 62 | D18: 190.2 | E18: =+E17+1 -> 111 | F18: 208.2 | G18: 160 | H18: 193.3 | I18: 209 | L18: 13 | M18: 187.8 | N18: 62 | O18: 190.2 | P18: =+P17+1 -> 111 | Q18: 208.2 | R18: 160 | S18: 193.3 | T18: 209
A19: 14 | B19: 187.1 | C19: 63 | D19: 183.4 | E19: =+E18+1 -> 112 | F19: 205.9 | G19: 161 | H19: 211.8 | I19: 210 | L19: 14 | M19: 187.1 | N19: 63 | O19: 183.4 | P19: =+P18+1 -> 112 | Q19: 205.9 | R19: 161 | S19: 211.8 | T19: 210
... A29: 24 | B29: 197 | C29: 73 | D29: 193.6 | E29: =+E28+1 -> 122 | F29: 190.1 | G29: 171 | H29: 206.2 | I29: 220 | L29: 24 | M29: 197 | N29: 73 | O29: 193.6 | P29: =+P28+1 -> 122 | Q29: 190.1 | R29: 171 | S29: 206.2 | T29: 220
A30: 25 | B30: 192 | C30: 74 | D30: 181 | E30: =+E29+1 -> 123 | F30: 204.4 | G30: 172 | L30: 25 | M30: 192 | N30: 74 | O30: 181 | P30: =+P29+1 -> 123 | Q30: 204.4 | R30: 172
A31: 26 | B31: 192.6 | C31: 75 | D31: 192.7 | E31: =+E30+1 -> 124 | F31: 205.5 | G31: 173 | L31: 26 | M31: 192.6 | N31: 75 | O31: 192.7 | P31: =+P30+1 -> 124 | Q31: 205.5 | R31: 173
A32: 27 | B32: 191.6 | C32: 76 | D32: 180.8 | E32: =+E31+1 -> 125 | F32: 170 | G32: 174 | L32: 27 | M32: 191.6 | N32: 76 | O32: 180.8 | P32: =+P31+1 -> 125 | Q32: 170 | R32: 174
A33: 28 | B33: 189.9 | C33: 77 | D33: 188.1 | E33: =+E32+1 -> 126 | F33: 206.1 | G33: 175 | L33: 28 | M33: 189.9 | N33: 77 | O33: 188.1 | P33: =+P32+1 -> 126 | Q33: 206.1 | R33: 175
A34: 29 | B34: 171 | C34: 78 | D34: 196.4 | E34: =+E33+1 -> 127 | F34: 211.4 | G34: 176 | L34: 29 | M34: 171 | N34: 78 | O34: 196.4 | P34: =+P33+1 -> 127 | Q34: 211.4 | R34: 176
A35: 30 | B35: 188.8 | C35: 79 | D35: 192.1 | E35: =+E34+1 -> 128 | F35: 208.2 | G35: 177 | L35: 30 | M35: 188.8 | N35: 79 | O35: 192.1 | P35: =+P34+1 -> 128 | Q35: 208.2 | R35: 177
A36: 31 | B36: 185.9 | C36: 80 | D36: 200.7 | E36: =+E35+1 -> 129 | F36: 206.1 | G36: 178 | L36: 31 | M36: 185.9 | N36: 80 | O36: 200.7 | P36: =+P35+1 -> 129 | Q36: 206.1 | R36: 178
A37: 32 | B37: 163.7 | C37: 81 | D37: 203.3 | E37: =+E36+1 -> 130 | F37: 203.6 | G37: 179 | L37: 32 | M37: 163.7 | N37: 81 | O37: 203.3 | P37: =+P36+1 -> 130 | Q37: 203.6 | R37: 179
A38: 33 | B38: 186.8 | C38: 82 | D38: 205.2 | E38: =+E37+1 -> 131 | F38: 203.5 | G38: 180 | L38: 33 | M38: 186.8 | N38: 82 | O38: 205.2 | P38: =+P37+1 -> 131 | Q38: 203.5 | R38: 180
A39: 34 | B39: 197.8 | C39: 83 | D39: 208.3 | E39: =+E38+1 -> 132 | F39: 204.9 | G39: 181 | L39: 34 | M39: 197.8 | N39: 83 | O39: 208.3 | P39: =+P38+1 -> 132 | Q39: 204.9 | R39: 181
A40: 35 | B40: 195.5 | C40: 84 | D40: 205.4 | E40: =+E39+1 -> 133 | F40: 205.6 | G40: 182 | L40: 35 | M40: 195.5 | N40: 84 | O40: 205.4 | P40: =+P39+1 -> 133 | Q40: 205.6 | R40: 182
A41: 36 | B41: 200.1 | C41: 85 | D41: 213.1 | E41: =+E40+1 -> 134 | F41: 200.5 | G41: 183 | L41: 36 | M41: 200.1 | N41: 85 | O41: 213.1 | P41: =+P40+1 -> 134 | Q41: 200.5 | R41: 183
... A54: 49 | B54: 197.1 | C54: 98 | D54: 170 | E54: =+E53+1 -> 147 | F54: 168.6 | G54: 196 | L54: 49 | M54: 197.1 | N54: 98 | O54: 170 | P54: =+P53+1 -> 147 | Q54: 168.6 | R54: 196
B55: =SUM(B6:B54) -> 9396.1 | D55: =SUM(D6:D54) -> 9601.7 | F55: =SUM(F6:F54) -> 9798.6 | H55: =SUM(H6:H54) -> 4899.4 | J55: =SUM(J6:J54) -> 0 | M55: =SUM(M6:M54) -> 9396.1 | O55: =SUM(O6:O54) -> 9601.7 | Q55: =SUM(Q6:Q54) -> 9798.6 | S55: =SUM(S6:S54) -> 4899.4 | U55: =SUM(U6:U54) -> 0
A56: Итого кип | B56: =COUNT(B6:B54,D6:D54,F6:F54,H6:H54,J6:J54) -> 171 | C56: Масса брутто | E56: =B55+D55+F55+H55+J55 -> 33695.8 | F56: Тары | G56: =B56*2.2 -> 376.2 | H56: Масса нетто | J56: =E56-G56 -> 33319.6 | L56: Итого кип | M56: =COUNT(M6:M54,O6:O54,Q6:Q54,S6:S54,U6:U54) -> 171 | N56: Масса брутто | P56: =M55+O55+Q55+S55+U55 -> 33695.8 | Q56: Тары | R56: =M56*2.2 -> 376.2 | S56: Масса нетто | U56: =P56-R56 -> 33319.6
A57: Лаборант: | L57: Лаборант:
F59: Тара | G59: 2.2 | Q59: Тара | R59: 2.2

Sheet 220
A1: Акт покипного отвеса | L1: Акт покипного отвеса
A2: Лаборатория: хлопзавод при ООО "Navbahor Tekstil" | L2: Лаборатория: хлопзавод при ООО "Navbahor Tekstil"
A3: Марка № | B3: 220 | I3: Корхона олди | L3: Марка № | M3: 220 | T3: Корхона олди
I4: Жами | T4: 1 урта
A5: № | B5: Масса | C5: № | D5: Масса | E5: № | F5: Масса | G5: № | H5: Масса | I5: № | J5: Масса | L5: № | M5: Масса | N5: № | O5: Масса | P5: № | Q5: Масса | R5: № | S5: Масса | T5: № | U5: Масса
A6: 1 | B6: 202.9 | C6: 50 | D6: 206.5 | E6: 99 | F6: 208.5 | G6: 148 | H6: 200.5 | I6: 197 | J6: 203.1 | L6: 1 | M6: 202.9 | N6: 50 | O6: 206.5 | P6: 99 | Q6: 208.5 | R6: 148 | S6: 200.5 | T6: 197 | U6: 203.1
A7: 2 | B7: 202.7 | C7: 51 | D7: 207.7 | E7: 100 | F7: 197.7 | G7: 149 | H7: 201.4 | I7: 198 | J7: 201.8 | L7: 2 | M7: 202.7 | N7: 51 | O7: 207.7 | P7: 100 | Q7: 197.7 | R7: 149 | S7: 201.4 | T7: 198 | U7: 201.8
A8: 3 | B8: 204.5 | C8: 52 | D8: 208.7 | E8: =+E7+1 -> 101 | F8: 202.6 | G8: 150 | H8: 205 | I8: 199 | J8: 203.8 | L8: 3 | M8: 204.5 | N8: 52 | O8: 208.7 | P8: =+P7+1 -> 101 | Q8: 202.6 | R8: 150 | S8: 205 | T8: 199 | U8: 203.8
A9: 4 | B9: 207.8 | C9: 53 | D9: 204.3 | E9: =+E8+1 -> 102 | F9: 208.7 | G9: 151 | H9: 202.5 | I9: 200 | J9: 201.4 | L9: 4 | M9: 207.8 | N9: 53 | O9: 204.3 | P9: =+P8+1 -> 102 | Q9: 208.7 | R9: 151 | S9: 202.5 | T9: 200 | U9: 201.4
A10: 5 | B10: 200.7 | C10: 54 | D10: 207.5 | E10: =+E9+1 -> 103 | F10: 209.6 | G10: 152 | H10: 207.2 | I10: 201 | J10: 197.3 | L10: 5 | M10: 200.7 | N10: 54 | O10: 207.5 | P10: =+P9+1 -> 103 | Q10: 209.6 | R10: 152 | S10: 207.2 | T10: 201 | U10: 197.3
A11: 6 | B11: 204.4 | C11: 55 | D11: 199.1 | E11: =+E10+1 -> 104 | F11: 202.4 | G11: 153 | H11: 199.1 | I11: 202 | J11: 203.6 | L11: 6 | M11: 204.4 | N11: 55 | O11: 199.1 | P11: =+P10+1 -> 104 | Q11: 202.4 | R11: 153 | S11: 199.1 | T11: 202 | U11: 203.6
A12: 7 | B12: 205.5 | C12: 56 | D12: 212.7 | E12: =+E11+1 -> 105 | F12: 203.7 | G12: 154 | H12: 201.7 | I12: 203 | J12: 198.8 | L12: 7 | M12: 205.5 | N12: 56 | O12: 212.7 | P12: =+P11+1 -> 105 | Q12: 203.7 | R12: 154 | S12: 201.7 | T12: 203 | U12: 198.8
A13: 8 | B13: 198.3 | C13: 57 | D13: 207.4 | E13: =+E12+1 -> 106 | F13: 207.9 | G13: 155 | H13: 196.8 | I13: 204 | J13: 203.4 | L13: 8 | M13: 198.3 | N13: 57 | O13: 207.4 | P13: =+P12+1 -> 106 | Q13: 207.9 | R13: 155 | S13: 196.8 | T13: 204 | U13: 203.4
A14: 9 | B14: 202.6 | C14: 58 | D14: 205.8 | E14: =+E13+1 -> 107 | F14: 206 | G14: 156 | H14: 200.8 | I14: 205 | J14: 206.7 | L14: 9 | M14: 202.6 | N14: 58 | O14: 205.8 | P14: =+P13+1 -> 107 | Q14: 206 | R14: 156 | S14: 200.8 | T14: 205 | U14: 206.7
